[2026-06-22T15:57:23.979Z] =================================================
[2026-06-22T15:57:23.981Z] 🚀 APOLLO BULK ENRICHMENT WORKER (POSTGRESQL)
[2026-06-22T15:57:23.981Z] Target Limit: 5
[2026-06-22T15:57:23.981Z] Dry Run Mode: ENABLED
[2026-06-22T15:57:23.981Z] Logging to:   C:\Users\hp\OneDrive\Desktop\optimus rufus webapp\scratch\bulk_enrichment_postgres.log
[2026-06-22T15:57:23.981Z] =================================================
[2026-06-22T15:57:23.982Z] Querying unenriched prospects with active listings from PostgreSQL...
[2026-06-22T15:57:24.086Z] Found 1566 total dummy prospects with active listings in database.
[2026-06-22T15:57:24.086Z] Preparing to process 5 prospects.
[2026-06-22T15:57:24.087Z] [1/5] Processing: "Visit the MISSWISDOM Store" (ASIN: B0DFWPHQZG) -> Cleaned: "MISSWISDOM"
[2026-06-22T15:57:24.087Z]   [Dry-Run] Would search and enrich contact for "MISSWISDOM"
[2026-06-22T15:57:24.087Z] [2/5] Processing: "Visit the MISSWISDOM Store" (ASIN: B0DFWPHQZG) -> Cleaned: "MISSWISDOM"
[2026-06-22T15:57:24.087Z]   [Dry-Run] Would search and enrich contact for "MISSWISDOM"
[2026-06-22T15:57:24.088Z] [3/5] Processing: "Visit the Thinbi Store" (ASIN: B0F1ZFFQC3) -> Cleaned: "Thinbi"
[2026-06-22T15:57:24.088Z]   [Dry-Run] Would search and enrich contact for "Thinbi"
[2026-06-22T15:57:24.088Z] [4/5] Processing: "Visit the Thinbi Store" (ASIN: B0F1ZFFQC3) -> Cleaned: "Thinbi"
[2026-06-22T15:57:24.088Z]   [Dry-Run] Would search and enrich contact for "Thinbi"
[2026-06-22T15:57:24.088Z] [5/5] Processing: "Visit the Elastalift Store" (ASIN: B07K8XBG1V) -> Cleaned: "Elastalift"
[2026-06-22T15:57:24.088Z]   [Dry-Run] Would search and enrich contact for "Elastalift"
[2026-06-22T15:57:24.088Z] 
=================================================
[2026-06-22T15:57:24.088Z] 📊 BULK ENRICHMENT WORKER COMPLETE
[2026-06-22T15:57:24.088Z] - Successfully Enriched: 5
[2026-06-22T15:57:24.088Z] - Failed / No Contacts:  0
[2026-06-22T15:57:24.088Z] - Skipped (empty name):  0
[2026-06-22T15:57:24.088Z] =================================================
[2026-06-22T15:57:43.068Z] =================================================
[2026-06-22T15:57:43.070Z] 🚀 APOLLO BULK ENRICHMENT WORKER (POSTGRESQL)
[2026-06-22T15:57:43.070Z] Target Limit: 5
[2026-06-22T15:57:43.070Z] Dry Run Mode: ENABLED
[2026-06-22T15:57:43.070Z] Logging to:   C:\Users\hp\OneDrive\Desktop\optimus rufus webapp\scratch\bulk_enrichment_postgres.log
[2026-06-22T15:57:43.070Z] =================================================
[2026-06-22T15:57:43.071Z] Querying unenriched prospects with active listings from PostgreSQL...
[2026-06-22T15:57:43.598Z] Found 782 total dummy prospects with active listings in database.
[2026-06-22T15:57:43.599Z] Preparing to process 5 prospects.
[2026-06-22T15:57:43.600Z] [1/5] Processing: "Visit the MISSWISDOM Store" (ASIN: B0DFWPHQZG) -> Cleaned: "MISSWISDOM"
[2026-06-22T15:57:43.600Z]   [Dry-Run] Would search and enrich contact for "MISSWISDOM"
[2026-06-22T15:57:43.600Z] [2/5] Processing: "Visit the Thinbi Store" (ASIN: B0F1ZFFQC3) -> Cleaned: "Thinbi"
[2026-06-22T15:57:43.600Z]   [Dry-Run] Would search and enrich contact for "Thinbi"
[2026-06-22T15:57:43.600Z] [3/5] Processing: "Visit the Elastalift Store" (ASIN: B07K8XBG1V) -> Cleaned: "Elastalift"
[2026-06-22T15:57:43.600Z]   [Dry-Run] Would search and enrich contact for "Elastalift"
[2026-06-22T15:57:43.600Z] [4/5] Processing: "Visit the Horbaeach Store" (ASIN: B0BRJZDP5P) -> Cleaned: "Horbaeach"
[2026-06-22T15:57:43.600Z]   [Dry-Run] Would search and enrich contact for "Horbaeach"
[2026-06-22T15:57:43.600Z] [5/5] Processing: "Visit the Nature's Diet Store" (ASIN: B09FFYF1RL) -> Cleaned: "Nature's Diet"
[2026-06-22T15:57:43.601Z]   [Dry-Run] Would search and enrich contact for "Nature's Diet"
[2026-06-22T15:57:43.601Z] 
=================================================
[2026-06-22T15:57:43.601Z] 📊 BULK ENRICHMENT WORKER COMPLETE
[2026-06-22T15:57:43.601Z] - Successfully Enriched: 5
[2026-06-22T15:57:43.601Z] - Failed / No Contacts:  0
[2026-06-22T15:57:43.601Z] - Skipped (empty name):  0
[2026-06-22T15:57:43.601Z] =================================================
[2026-06-22T15:58:02.546Z] =================================================
[2026-06-22T15:58:02.549Z] 🚀 APOLLO BULK ENRICHMENT WORKER (POSTGRESQL)
[2026-06-22T15:58:02.549Z] Target Limit: 2
[2026-06-22T15:58:02.549Z] Dry Run Mode: DISABLED
[2026-06-22T15:58:02.549Z] Logging to:   C:\Users\hp\OneDrive\Desktop\optimus rufus webapp\scratch\bulk_enrichment_postgres.log
[2026-06-22T15:58:02.549Z] =================================================
[2026-06-22T15:58:02.549Z] Querying unenriched prospects with active listings from PostgreSQL...
[2026-06-22T15:58:02.663Z] Found 782 total dummy prospects with active listings in database.
[2026-06-22T15:58:02.664Z] Preparing to process 2 prospects.
[2026-06-22T15:58:02.664Z] ⚠️ WARNING: Running this will perform up to 2 searches and enrichments.
[2026-06-22T15:58:02.664Z] Starting in 5 seconds... Press Ctrl+C to cancel.
[2026-06-22T15:58:07.669Z] [1/2] Processing: "Visit the MISSWISDOM Store" (ASIN: B0DFWPHQZG) -> Cleaned: "MISSWISDOM"
[2026-06-22T15:58:10.299Z]   ⚠️ No contacts found for company "MISSWISDOM"
[2026-06-22T15:58:10.299Z] [2/2] Processing: "Visit the Thinbi Store" (ASIN: B0F1ZFFQC3) -> Cleaned: "Thinbi"
[2026-06-22T15:58:12.269Z]   ⚠️ No contacts found for company "Thinbi"
[2026-06-22T15:58:12.269Z] 
=================================================
[2026-06-22T15:58:12.269Z] 📊 BULK ENRICHMENT WORKER COMPLETE
[2026-06-22T15:58:12.269Z] - Successfully Enriched: 0
[2026-06-22T15:58:12.269Z] - Failed / No Contacts:  2
[2026-06-22T15:58:12.269Z] - Skipped (empty name):  0
[2026-06-22T15:58:12.269Z] =================================================
[2026-06-22T15:59:20.990Z] =================================================
[2026-06-22T15:59:20.992Z] 🚀 APOLLO BULK ENRICHMENT WORKER (POSTGRESQL)
[2026-06-22T15:59:20.992Z] Target Limit: 40
[2026-06-22T15:59:20.992Z] Dry Run Mode: DISABLED
[2026-06-22T15:59:20.992Z] Logging to:   C:\Users\hp\OneDrive\Desktop\optimus rufus webapp\scratch\bulk_enrichment_postgres.log
[2026-06-22T15:59:20.992Z] =================================================
[2026-06-22T15:59:20.992Z] Querying unenriched prospects with active listings from PostgreSQL...
[2026-06-22T15:59:21.067Z] Found 782 total dummy prospects with active listings in database.
[2026-06-22T15:59:21.068Z] Preparing to process 40 prospects.
[2026-06-22T15:59:21.068Z] ⚠️ WARNING: Running this will perform up to 40 searches and enrichments.
[2026-06-22T15:59:21.068Z] Starting in 5 seconds... Press Ctrl+C to cancel.
[2026-06-22T15:59:26.085Z] [1/40] Processing: "Visit the MISSWISDOM Store" (ASIN: B0DFWPHQZG) -> Cleaned: "MISSWISDOM"
[2026-06-22T15:59:28.501Z]   ⚠️ No contacts found for company "MISSWISDOM"
[2026-06-22T15:59:28.501Z] [2/40] Processing: "Visit the Thinbi Store" (ASIN: B0F1ZFFQC3) -> Cleaned: "Thinbi"
[2026-06-22T15:59:30.306Z]   ⚠️ No contacts found for company "Thinbi"
[2026-06-22T15:59:30.307Z] [3/40] Processing: "Visit the Elastalift Store" (ASIN: B07K8XBG1V) -> Cleaned: "Elastalift"
[2026-06-22T15:59:32.123Z]   ⚠️ No contacts found for company "Elastalift"
[2026-06-22T15:59:32.124Z] [4/40] Processing: "Visit the Horbaeach Store" (ASIN: B0BRJZDP5P) -> Cleaned: "Horbaeach"
[2026-06-22T15:59:33.930Z]   ⚠️ No contacts found for company "Horbaeach"
[2026-06-22T15:59:33.930Z] [5/40] Processing: "Visit the Nature's Diet Store" (ASIN: B09FFYF1RL) -> Cleaned: "Nature's Diet"
[2026-06-22T15:59:35.740Z]   ⚠️ No contacts found for company "Nature's Diet"
[2026-06-22T15:59:35.740Z] [6/40] Processing: "Visit the HIMESPORNER Store" (ASIN: B0DF1HRKHZ) -> Cleaned: "HIMESPORNER"
[2026-06-22T15:59:37.573Z]   ⚠️ No contacts found for company "HIMESPORNER"
[2026-06-22T15:59:37.573Z] [7/40] Processing: "Visit the Micro Ingredients Store" (ASIN: B0D3FQWRV4) -> Cleaned: "Micro Ingredients"
[2026-06-22T15:59:39.519Z]   ⚠️ Found 1 contact(s) for "Micro Ingredients" but none have a verified email in Apollo (skipping)
[2026-06-22T15:59:39.519Z] [8/40] Processing: "Visit the GMSWEET Store" (ASIN: B0DD49N96T) -> Cleaned: "GMSWEET"
[2026-06-22T15:59:45.788Z]   ⚠️ No contacts found for company "GMSWEET"
[2026-06-22T15:59:45.788Z] [9/40] Processing: "Visit the Brew To A Tea Store" (ASIN: B08NW7XL6P) -> Cleaned: "Brew To A Tea"
[2026-06-22T15:59:47.606Z]   ⚠️ No contacts found for company "Brew To A Tea"
[2026-06-22T15:59:47.606Z] [10/40] Processing: "Visit the Ekkovision Store" (ASIN: B0DQF7DYZ9) -> Cleaned: "Ekkovision"
[2026-06-22T15:59:49.460Z]   ⚠️ No contacts found for company "Ekkovision"
[2026-06-22T15:59:49.460Z] [11/40] Processing: "Visit the MBSRITY Store" (ASIN: B0D9YPJDVN) -> Cleaned: "MBSRITY"
[2026-06-22T15:59:51.275Z]   ⚠️ No contacts found for company "MBSRITY"
[2026-06-22T15:59:51.275Z] [12/40] Processing: "Nobi Nutrition" (ASIN: B0BB88JXZZ) -> Cleaned: "Nobi Nutrition"
[2026-06-22T15:59:53.186Z]   ⚠️ No contacts found for company "Nobi Nutrition"
[2026-06-22T15:59:53.186Z] [13/40] Processing: "Visit the RYSE Up Supplements Store" (ASIN: B0FQQFTGVS) -> Cleaned: "RYSE Up Supplements"
[2026-06-22T15:59:54.985Z]   ⚠️ No contacts found for company "RYSE Up Supplements"
[2026-06-22T15:59:54.985Z] [14/40] Processing: "Brand: LIVORKA" (ASIN: B0DW5NNG9Q) -> Cleaned: "LIVORKA"
[2026-06-22T15:59:56.841Z]   ⚠️ No contacts found for company "LIVORKA"
[2026-06-22T15:59:56.842Z] [15/40] Processing: "Brand: Scidea" (ASIN: B0FRMQBDGM) -> Cleaned: "Scidea"
[2026-06-22T15:59:58.650Z]   ⚠️ No contacts found for company "Scidea"
[2026-06-22T15:59:58.650Z] [16/40] Processing: "Visit the AHOMSEL Store" (ASIN: B0DLRRMGNQ) -> Cleaned: "AHOMSEL"
[2026-06-22T16:00:00.520Z]   ⚠️ No contacts found for company "AHOMSEL"
[2026-06-22T16:00:00.520Z] [17/40] Processing: "Visit the NUTRAHARMONY Store" (ASIN: B0D152P5MB) -> Cleaned: "NUTRAHARMONY"
[2026-06-22T16:00:02.335Z]   ⚠️ No contacts found for company "NUTRAHARMONY"
[2026-06-22T16:00:02.335Z] [18/40] Processing: "Visit the OneDream Store" (ASIN: B0GCZWMF3S) -> Cleaned: "OneDream"
[2026-06-22T16:00:04.172Z]   ⚠️ No contacts found for company "OneDream"
[2026-06-22T16:00:04.172Z] [19/40] Processing: "Visit the Nootropics Depot Store" (ASIN: B078SH5C4S) -> Cleaned: "Nootropics Depot"
[2026-06-22T16:00:06.177Z]   ⚠️ Found 1 contact(s) for "Nootropics Depot" but none have a verified email in Apollo (skipping)
[2026-06-22T16:00:06.183Z] [20/40] Processing: "Visit the BORNEW Store" (ASIN: B085ZS4G55) -> Cleaned: "BORNEW"
[2026-06-22T16:00:08.153Z]   ⚠️ No contacts found for company "BORNEW"
[2026-06-22T16:00:08.153Z] [21/40] Processing: "Brand: CINDALOG" (ASIN: B0D9K4V3TD) -> Cleaned: "CINDALOG"
[2026-06-22T16:00:10.087Z]   ⚠️ No contacts found for company "CINDALOG"
[2026-06-22T16:00:10.088Z] [22/40] Processing: "Visit the DRFOSTER Store" (ASIN: B0CSZ817RX) -> Cleaned: "DRFOSTER"
[2026-06-22T16:00:12.063Z]   ⚠️ No contacts found for company "DRFOSTER"
[2026-06-22T16:00:12.063Z] [23/40] Processing: "Visit the BulkSupplements Store" (ASIN: B0CFWCMBNG) -> Cleaned: "BulkSupplements"
[2026-06-22T16:00:13.946Z]   ⚠️ No contacts found for company "BulkSupplements"
[2026-06-22T16:00:13.950Z] [24/40] Processing: "Visit the Micro Ingredients Store" (ASIN: B0FJ3X2KQC) -> Cleaned: "Micro Ingredients"
[2026-06-22T16:00:15.759Z]   ⚠️ Found 1 contact(s) for "Micro Ingredients" but none have a verified email in Apollo (skipping)
[2026-06-22T16:00:15.759Z] [25/40] Processing: "Visit the DECENT NATURE Store" (ASIN: B0D5MYQ6PP) -> Cleaned: "DECENT NATURE"
[2026-06-22T16:00:17.833Z]   ⚠️ No contacts found for company "DECENT NATURE"
[2026-06-22T16:00:17.834Z] [26/40] Processing: "Visit the NatureBell Store" (ASIN: B0BY3TCG1V) -> Cleaned: "NatureBell"
[2026-06-22T16:00:19.650Z]   ⚠️ No contacts found for company "NatureBell"
[2026-06-22T16:00:19.651Z] [27/40] Processing: "Visit the Micro Ingredients Store" (ASIN: B0DW192P2Z) -> Cleaned: "Micro Ingredients"
[2026-06-22T16:00:21.604Z]   ⚠️ Found 1 contact(s) for "Micro Ingredients" but none have a verified email in Apollo (skipping)
[2026-06-22T16:00:21.604Z] [28/40] Processing: "Visit the Global Healing Center Store" (ASIN: B0D5ZZY22H) -> Cleaned: "Global Healing Center"
[2026-06-22T16:00:24.808Z]   ⚠️ Found 1 contact(s) for "Global Healing Center" but none have a verified email in Apollo (skipping)
[2026-06-22T16:00:24.810Z] [29/40] Processing: "Visit the NatureBell Store" (ASIN: B0C7FF131K) -> Cleaned: "NatureBell"
[2026-06-22T16:00:26.620Z]   ⚠️ No contacts found for company "NatureBell"
[2026-06-22T16:00:26.621Z] [30/40] Processing: "Visit the Zazzee Store" (ASIN: B0CDV2CM1D) -> Cleaned: "Zazzee"
[2026-06-22T16:00:28.606Z]   ⚠️ No contacts found for company "Zazzee"
[2026-06-22T16:00:28.607Z] [31/40] Processing: "Visit the SUBCULTUREPICK Store" (ASIN: B0D4HFJSHY) -> Cleaned: "SUBCULTUREPICK"
[2026-06-22T16:00:30.585Z]   ⚠️ No contacts found for company "SUBCULTUREPICK"
[2026-06-22T16:00:30.586Z] [32/40] Processing: "Visit the TopspinPro Store" (ASIN: B01N1F8M6I) -> Cleaned: "TopspinPro"
[2026-06-22T16:00:32.728Z]   ⚠️ No contacts found for company "TopspinPro"
[2026-06-22T16:00:32.728Z] [33/40] Processing: "Visit the Secret Element Store" (ASIN: B0DR9H1V43) -> Cleaned: "Secret Element"
[2026-06-22T16:00:34.592Z]   ⚠️ Found 1 contact(s) for "Secret Element" but none have a verified email in Apollo (skipping)
[2026-06-22T16:00:34.592Z] [34/40] Processing: "Visit the AyBet Store" (ASIN: B0DHNV75VG) -> Cleaned: "AyBet"
[2026-06-22T16:00:36.848Z]   ⚠️ No contacts found for company "AyBet"
[2026-06-22T16:00:36.848Z] [35/40] Processing: "Brand: DLNIA" (ASIN: B0CW3GTR9P) -> Cleaned: "DLNIA"
[2026-06-22T16:00:38.641Z]   ⚠️ No contacts found for company "DLNIA"
[2026-06-22T16:00:38.641Z] [36/40] Processing: "Visit the AOBBIY Store" (ASIN: B0D461TJKV) -> Cleaned: "AOBBIY"
[2026-06-22T16:00:41.088Z]   ⚠️ No contacts found for company "AOBBIY"
[2026-06-22T16:00:41.089Z] [37/40] Processing: "Visit the PetLab Co. Store" (ASIN: B0BZ8TFF47) -> Cleaned: "PetLab Co."
[2026-06-22T16:00:43.003Z]   ⚠️ No contacts found for company "PetLab Co."
[2026-06-22T16:00:43.004Z] [38/40] Processing: "Visit the Spreccio Store" (ASIN: B0F42HC931) -> Cleaned: "Spreccio"
[2026-06-22T16:00:44.921Z]   ⚠️ No contacts found for company "Spreccio"
[2026-06-22T16:00:44.921Z] [39/40] Processing: "Visit the Only Natural Pet Store" (ASIN: B07SX9PD4T) -> Cleaned: "Only Natural Pet"
[2026-06-22T16:00:46.924Z]   ⚠️ No contacts found for company "Only Natural Pet"
[2026-06-22T16:00:46.924Z] [40/40] Processing: "Visit the GMSWEET Store" (ASIN: B0DDP7K7WD) -> Cleaned: "GMSWEET"
[2026-06-22T16:00:48.781Z]   ⚠️ No contacts found for company "GMSWEET"
[2026-06-22T16:00:48.781Z] 
=================================================
[2026-06-22T16:00:48.781Z] 📊 BULK ENRICHMENT WORKER COMPLETE
[2026-06-22T16:00:48.781Z] - Successfully Enriched: 0
[2026-06-22T16:00:48.781Z] - Failed / No Contacts:  40
[2026-06-22T16:00:48.781Z] - Skipped (empty name):  0
[2026-06-22T16:00:48.781Z] =================================================
[2026-06-22T16:18:46.999Z] =================================================
[2026-06-22T16:18:47.001Z] 🚀 APOLLO BULK ENRICHMENT WORKER (POSTGRESQL)
[2026-06-22T16:18:47.001Z] Target Limit: ALL
[2026-06-22T16:18:47.001Z] Dry Run Mode: ENABLED
[2026-06-22T16:18:47.001Z] Logging to:   C:\Users\hp\OneDrive\Desktop\optimus rufus webapp\scratch\bulk_enrichment_postgres.log
[2026-06-22T16:18:47.001Z] =================================================
[2026-06-22T16:18:47.002Z] Querying unenriched prospects with active listings from PostgreSQL...
[2026-06-22T16:18:47.069Z] Found 782 total dummy prospects with active listings in database.
[2026-06-22T16:18:47.070Z] Preparing to process 782 prospects.
[2026-06-22T16:18:47.070Z] [1/782] Processing: "Visit the MISSWISDOM Store" (ASIN: B0DFWPHQZG) -> Cleaned: "MISSWISDOM"
[2026-06-22T16:18:47.070Z]   [Dry-Run] Would search and enrich contact for "MISSWISDOM"
[2026-06-22T16:18:47.071Z] [2/782] Processing: "Visit the Thinbi Store" (ASIN: B0F1ZFFQC3) -> Cleaned: "Thinbi"
[2026-06-22T16:18:47.071Z]   [Dry-Run] Would search and enrich contact for "Thinbi"
[2026-06-22T16:18:47.071Z] [3/782] Processing: "Visit the Elastalift Store" (ASIN: B07K8XBG1V) -> Cleaned: "Elastalift"
[2026-06-22T16:18:47.071Z]   [Dry-Run] Would search and enrich contact for "Elastalift"
[2026-06-22T16:18:47.071Z] [4/782] Processing: "Visit the Horbaeach Store" (ASIN: B0BRJZDP5P) -> Cleaned: "Horbaeach"
[2026-06-22T16:18:47.071Z]   [Dry-Run] Would search and enrich contact for "Horbaeach"
[2026-06-22T16:18:47.071Z] [5/782] Processing: "Visit the Nature's Diet Store" (ASIN: B09FFYF1RL) -> Cleaned: "Nature's Diet"
[2026-06-22T16:18:47.071Z]   [Dry-Run] Would search and enrich contact for "Nature's Diet"
[2026-06-22T16:18:47.071Z] [6/782] Processing: "Visit the HIMESPORNER Store" (ASIN: B0DF1HRKHZ) -> Cleaned: "HIMESPORNER"
[2026-06-22T16:18:47.071Z]   [Dry-Run] Would search and enrich contact for "HIMESPORNER"
[2026-06-22T16:18:47.071Z] [7/782] Processing: "Visit the Micro Ingredients Store" (ASIN: B0D3FQWRV4) -> Cleaned: "Micro Ingredients"
[2026-06-22T16:18:47.071Z]   [Dry-Run] Would search and enrich contact for "Micro Ingredients"
[2026-06-22T16:18:47.071Z] [8/782] Processing: "Visit the GMSWEET Store" (ASIN: B0DD49N96T) -> Cleaned: "GMSWEET"
[2026-06-22T16:18:47.072Z]   [Dry-Run] Would search and enrich contact for "GMSWEET"
[2026-06-22T16:18:47.072Z] [9/782] Processing: "Visit the Brew To A Tea Store" (ASIN: B08NW7XL6P) -> Cleaned: "Brew To A Tea"
[2026-06-22T16:18:47.072Z]   [Dry-Run] Would search and enrich contact for "Brew To A Tea"
[2026-06-22T16:18:47.072Z] [10/782] Processing: "Visit the Ekkovision Store" (ASIN: B0DQF7DYZ9) -> Cleaned: "Ekkovision"
[2026-06-22T16:18:47.072Z]   [Dry-Run] Would search and enrich contact for "Ekkovision"
[2026-06-22T16:18:47.072Z] [11/782] Processing: "Visit the MBSRITY Store" (ASIN: B0D9YPJDVN) -> Cleaned: "MBSRITY"
[2026-06-22T16:18:47.072Z]   [Dry-Run] Would search and enrich contact for "MBSRITY"
[2026-06-22T16:18:47.072Z] [12/782] Processing: "Nobi Nutrition" (ASIN: B0BB88JXZZ) -> Cleaned: "Nobi Nutrition"
[2026-06-22T16:18:47.072Z]   [Dry-Run] Would search and enrich contact for "Nobi Nutrition"
[2026-06-22T16:18:47.072Z] [13/782] Processing: "Visit the RYSE Up Supplements Store" (ASIN: B0FQQFTGVS) -> Cleaned: "RYSE Up Supplements"
[2026-06-22T16:18:47.072Z]   [Dry-Run] Would search and enrich contact for "RYSE Up Supplements"
[2026-06-22T16:18:47.072Z] [14/782] Processing: "Brand: LIVORKA" (ASIN: B0DW5NNG9Q) -> Cleaned: "LIVORKA"
[2026-06-22T16:18:47.072Z]   [Dry-Run] Would search and enrich contact for "LIVORKA"
[2026-06-22T16:18:47.072Z] [15/782] Processing: "Brand: Scidea" (ASIN: B0FRMQBDGM) -> Cleaned: "Scidea"
[2026-06-22T16:18:47.072Z]   [Dry-Run] Would search and enrich contact for "Scidea"
[2026-06-22T16:18:47.072Z] [16/782] Processing: "Visit the AHOMSEL Store" (ASIN: B0DLRRMGNQ) -> Cleaned: "AHOMSEL"
[2026-06-22T16:18:47.072Z]   [Dry-Run] Would search and enrich contact for "AHOMSEL"
[2026-06-22T16:18:47.072Z] [17/782] Processing: "Visit the NUTRAHARMONY Store" (ASIN: B0D152P5MB) -> Cleaned: "NUTRAHARMONY"
[2026-06-22T16:18:47.072Z]   [Dry-Run] Would search and enrich contact for "NUTRAHARMONY"
[2026-06-22T16:18:47.072Z] [18/782] Processing: "Visit the OneDream Store" (ASIN: B0GCZWMF3S) -> Cleaned: "OneDream"
[2026-06-22T16:18:47.072Z]   [Dry-Run] Would search and enrich contact for "OneDream"
[2026-06-22T16:18:47.073Z] [19/782] Processing: "Visit the Nootropics Depot Store" (ASIN: B078SH5C4S) -> Cleaned: "Nootropics Depot"
[2026-06-22T16:18:47.073Z]   [Dry-Run] Would search and enrich contact for "Nootropics Depot"
[2026-06-22T16:18:47.073Z] [20/782] Processing: "Visit the BORNEW Store" (ASIN: B085ZS4G55) -> Cleaned: "BORNEW"
[2026-06-22T16:18:47.073Z]   [Dry-Run] Would search and enrich contact for "BORNEW"
[2026-06-22T16:18:47.073Z] [21/782] Processing: "Brand: CINDALOG" (ASIN: B0D9K4V3TD) -> Cleaned: "CINDALOG"
[2026-06-22T16:18:47.073Z]   [Dry-Run] Would search and enrich contact for "CINDALOG"
[2026-06-22T16:18:47.073Z] [22/782] Processing: "Visit the DRFOSTER Store" (ASIN: B0CSZ817RX) -> Cleaned: "DRFOSTER"
[2026-06-22T16:18:47.073Z]   [Dry-Run] Would search and enrich contact for "DRFOSTER"
[2026-06-22T16:18:47.073Z] [23/782] Processing: "Visit the BulkSupplements Store" (ASIN: B0CFWCMBNG) -> Cleaned: "BulkSupplements"
[2026-06-22T16:18:47.073Z]   [Dry-Run] Would search and enrich contact for "BulkSupplements"
[2026-06-22T16:18:47.073Z] [24/782] Processing: "Visit the Micro Ingredients Store" (ASIN: B0FJ3X2KQC) -> Cleaned: "Micro Ingredients"
[2026-06-22T16:18:47.073Z]   [Dry-Run] Would search and enrich contact for "Micro Ingredients"
[2026-06-22T16:18:47.073Z] [25/782] Processing: "Visit the DECENT NATURE Store" (ASIN: B0D5MYQ6PP) -> Cleaned: "DECENT NATURE"
[2026-06-22T16:18:47.073Z]   [Dry-Run] Would search and enrich contact for "DECENT NATURE"
[2026-06-22T16:18:47.073Z] [26/782] Processing: "Visit the NatureBell Store" (ASIN: B0BY3TCG1V) -> Cleaned: "NatureBell"
[2026-06-22T16:18:47.073Z]   [Dry-Run] Would search and enrich contact for "NatureBell"
[2026-06-22T16:18:47.073Z] [27/782] Processing: "Visit the Micro Ingredients Store" (ASIN: B0DW192P2Z) -> Cleaned: "Micro Ingredients"
[2026-06-22T16:18:47.073Z]   [Dry-Run] Would search and enrich contact for "Micro Ingredients"
[2026-06-22T16:18:47.073Z] [28/782] Processing: "Visit the Global Healing Center Store" (ASIN: B0D5ZZY22H) -> Cleaned: "Global Healing Center"
[2026-06-22T16:18:47.073Z]   [Dry-Run] Would search and enrich contact for "Global Healing Center"
[2026-06-22T16:18:47.073Z] [29/782] Processing: "Visit the NatureBell Store" (ASIN: B0C7FF131K) -> Cleaned: "NatureBell"
[2026-06-22T16:18:47.073Z]   [Dry-Run] Would search and enrich contact for "NatureBell"
[2026-06-22T16:18:47.073Z] [30/782] Processing: "Visit the Zazzee Store" (ASIN: B0CDV2CM1D) -> Cleaned: "Zazzee"
[2026-06-22T16:18:47.073Z]   [Dry-Run] Would search and enrich contact for "Zazzee"
[2026-06-22T16:18:47.073Z] [31/782] Processing: "Visit the SUBCULTUREPICK Store" (ASIN: B0D4HFJSHY) -> Cleaned: "SUBCULTUREPICK"
[2026-06-22T16:18:47.073Z]   [Dry-Run] Would search and enrich contact for "SUBCULTUREPICK"
[2026-06-22T16:18:47.073Z] [32/782] Processing: "Visit the TopspinPro Store" (ASIN: B01N1F8M6I) -> Cleaned: "TopspinPro"
[2026-06-22T16:18:47.073Z]   [Dry-Run] Would search and enrich contact for "TopspinPro"
[2026-06-22T16:18:47.074Z] [33/782] Processing: "Visit the Secret Element Store" (ASIN: B0DR9H1V43) -> Cleaned: "Secret Element"
[2026-06-22T16:18:47.074Z]   [Dry-Run] Would search and enrich contact for "Secret Element"
[2026-06-22T16:18:47.074Z] [34/782] Processing: "Visit the AyBet Store" (ASIN: B0DHNV75VG) -> Cleaned: "AyBet"
[2026-06-22T16:18:47.074Z]   [Dry-Run] Would search and enrich contact for "AyBet"
[2026-06-22T16:18:47.074Z] [35/782] Processing: "Brand: DLNIA" (ASIN: B0CW3GTR9P) -> Cleaned: "DLNIA"
[2026-06-22T16:18:47.074Z]   [Dry-Run] Would search and enrich contact for "DLNIA"
[2026-06-22T16:18:47.074Z] [36/782] Processing: "Visit the AOBBIY Store" (ASIN: B0D461TJKV) -> Cleaned: "AOBBIY"
[2026-06-22T16:18:47.074Z]   [Dry-Run] Would search and enrich contact for "AOBBIY"
[2026-06-22T16:18:47.074Z] [37/782] Processing: "Visit the PetLab Co. Store" (ASIN: B0BZ8TFF47) -> Cleaned: "PetLab Co."
[2026-06-22T16:18:47.074Z]   [Dry-Run] Would search and enrich contact for "PetLab Co."
[2026-06-22T16:18:47.074Z] [38/782] Processing: "Visit the Spreccio Store" (ASIN: B0F42HC931) -> Cleaned: "Spreccio"
[2026-06-22T16:18:47.074Z]   [Dry-Run] Would search and enrich contact for "Spreccio"
[2026-06-22T16:18:47.074Z] [39/782] Processing: "Visit the Only Natural Pet Store" (ASIN: B07SX9PD4T) -> Cleaned: "Only Natural Pet"
[2026-06-22T16:18:47.074Z]   [Dry-Run] Would search and enrich contact for "Only Natural Pet"
[2026-06-22T16:18:47.074Z] [40/782] Processing: "Visit the GMSWEET Store" (ASIN: B0DDP7K7WD) -> Cleaned: "GMSWEET"
[2026-06-22T16:18:47.074Z]   [Dry-Run] Would search and enrich contact for "GMSWEET"
[2026-06-22T16:18:47.074Z] [41/782] Processing: "Brand: dailybrew" (ASIN: B0FCYCYVQ2) -> Cleaned: "dailybrew"
[2026-06-22T16:18:47.074Z]   [Dry-Run] Would search and enrich contact for "dailybrew"
[2026-06-22T16:18:47.074Z] [42/782] Processing: "Visit the BallBuff Store" (ASIN: B0DJ68TJT9) -> Cleaned: "BallBuff"
[2026-06-22T16:18:47.074Z]   [Dry-Run] Would search and enrich contact for "BallBuff"
[2026-06-22T16:18:47.074Z] [43/782] Processing: "Brand: GMAEURL" (ASIN: B0F1T9KHZ3) -> Cleaned: "GMAEURL"
[2026-06-22T16:18:47.074Z]   [Dry-Run] Would search and enrich contact for "GMAEURL"
[2026-06-22T16:18:47.074Z] [44/782] Processing: "Brand: Original Grind Co." (ASIN: B07JJMWWPL) -> Cleaned: "Original Grind Co."
[2026-06-22T16:18:47.074Z]   [Dry-Run] Would search and enrich contact for "Original Grind Co."
[2026-06-22T16:18:47.074Z] [45/782] Processing: "Visit the BulkSupplements Store" (ASIN: B0BHM7K95P) -> Cleaned: "BulkSupplements"
[2026-06-22T16:18:47.074Z]   [Dry-Run] Would search and enrich contact for "BulkSupplements"
[2026-06-22T16:18:47.074Z] [46/782] Processing: "Visit the JOYENERGY Store" (ASIN: B0D6VN5W99) -> Cleaned: "JOYENERGY"
[2026-06-22T16:18:47.075Z]   [Dry-Run] Would search and enrich contact for "JOYENERGY"
[2026-06-22T16:18:47.075Z] [47/782] Processing: "Visit the RUMBLE ROLLER Store" (ASIN: B07HWKGQY8) -> Cleaned: "RUMBLE ROLLER"
[2026-06-22T16:18:47.075Z]   [Dry-Run] Would search and enrich contact for "RUMBLE ROLLER"
[2026-06-22T16:18:47.075Z] [48/782] Processing: "Visit the MYOXCIENCE Store" (ASIN: B0FHLVSGRB) -> Cleaned: "MYOXCIENCE"
[2026-06-22T16:18:47.075Z]   [Dry-Run] Would search and enrich contact for "MYOXCIENCE"
[2026-06-22T16:18:47.075Z] [49/782] Processing: "Visit the Zmarthumb Store" (ASIN: B0D9K43N95) -> Cleaned: "Zmarthumb"
[2026-06-22T16:18:47.075Z]   [Dry-Run] Would search and enrich contact for "Zmarthumb"
[2026-06-22T16:18:47.075Z] [50/782] Processing: "Visit the Krightlink Store" (ASIN: B0D4HFYYCB) -> Cleaned: "Krightlink"
[2026-06-22T16:18:47.075Z]   [Dry-Run] Would search and enrich contact for "Krightlink"
[2026-06-22T16:18:47.075Z] [51/782] Processing: "Visit the Krightlink Store" (ASIN: B0D4H69SNW) -> Cleaned: "Krightlink"
[2026-06-22T16:18:47.075Z]   [Dry-Run] Would search and enrich contact for "Krightlink"
[2026-06-22T16:18:47.075Z] [52/782] Processing: "Visit the Dreamegg Store" (ASIN: B0DHKRCZWZ) -> Cleaned: "Dreamegg"
[2026-06-22T16:18:47.075Z]   [Dry-Run] Would search and enrich contact for "Dreamegg"
[2026-06-22T16:18:47.075Z] [53/782] Processing: "Visit the Krightlink Store" (ASIN: B0F9PCLK4S) -> Cleaned: "Krightlink"
[2026-06-22T16:18:47.075Z]   [Dry-Run] Would search and enrich contact for "Krightlink"
[2026-06-22T16:18:47.075Z] [54/782] Processing: "Visit the FITNATION Store" (ASIN: B0FHCZ1D82) -> Cleaned: "FITNATION"
[2026-06-22T16:18:47.075Z]   [Dry-Run] Would search and enrich contact for "FITNATION"
[2026-06-22T16:18:47.075Z] [55/782] Processing: "Visit the BORNEW Store" (ASIN: B0DY7ZVMPK) -> Cleaned: "BORNEW"
[2026-06-22T16:18:47.075Z]   [Dry-Run] Would search and enrich contact for "BORNEW"
[2026-06-22T16:18:47.075Z] [56/782] Processing: "Visit the NUTRAHARMONY Store" (ASIN: B0F3D5JK31) -> Cleaned: "NUTRAHARMONY"
[2026-06-22T16:18:47.075Z]   [Dry-Run] Would search and enrich contact for "NUTRAHARMONY"
[2026-06-22T16:18:47.075Z] [57/782] Processing: "Visit the Krightlink Store" (ASIN: B0D4H94W7Z) -> Cleaned: "Krightlink"
[2026-06-22T16:18:47.076Z]   [Dry-Run] Would search and enrich contact for "Krightlink"
[2026-06-22T16:18:47.076Z] [58/782] Processing: "Visit the Nature's Fusions Store" (ASIN: B0CK3FHM2F) -> Cleaned: "Nature's Fusions"
[2026-06-22T16:18:47.076Z]   [Dry-Run] Would search and enrich contact for "Nature's Fusions"
[2026-06-22T16:18:47.076Z] [59/782] Processing: "Visit the Tyrot Store" (ASIN: B0DK4XNBCB) -> Cleaned: "Tyrot"
[2026-06-22T16:18:47.076Z]   [Dry-Run] Would search and enrich contact for "Tyrot"
[2026-06-22T16:18:47.076Z] [60/782] Processing: "Visit the WHATAFIT Store" (ASIN: B0CGR95HBW) -> Cleaned: "WHATAFIT"
[2026-06-22T16:18:47.076Z]   [Dry-Run] Would search and enrich contact for "WHATAFIT"
[2026-06-22T16:18:47.076Z] [61/782] Processing: "Visit the FEATOL Store" (ASIN: B0C4PNCVGY) -> Cleaned: "FEATOL"
[2026-06-22T16:18:47.076Z]   [Dry-Run] Would search and enrich contact for "FEATOL"
[2026-06-22T16:18:47.076Z] [62/782] Processing: "Visit the Boysea Store" (ASIN: B0CZ8PXSHL) -> Cleaned: "Boysea"
[2026-06-22T16:18:47.076Z]   [Dry-Run] Would search and enrich contact for "Boysea"
[2026-06-22T16:18:47.076Z] [63/782] Processing: "Brand: HEALEG" (ASIN: B0F5NWQ5Y9) -> Cleaned: "HEALEG"
[2026-06-22T16:18:47.076Z]   [Dry-Run] Would search and enrich contact for "HEALEG"
[2026-06-22T16:18:47.076Z] [64/782] Processing: "Visit the BARoyal Store" (ASIN: B0FCBDMRSS) -> Cleaned: "BARoyal"
[2026-06-22T16:18:47.076Z]   [Dry-Run] Would search and enrich contact for "BARoyal"
[2026-06-22T16:18:47.076Z] [65/782] Processing: "Visit the WONTECHMI Store" (ASIN: B0CSFF5T93) -> Cleaned: "WONTECHMI"
[2026-06-22T16:18:47.076Z]   [Dry-Run] Would search and enrich contact for "WONTECHMI"
[2026-06-22T16:18:47.076Z] [66/782] Processing: "Visit the GLUKIEWT Store" (ASIN: B0D45KZBP2) -> Cleaned: "GLUKIEWT"
[2026-06-22T16:18:47.076Z]   [Dry-Run] Would search and enrich contact for "GLUKIEWT"
[2026-06-22T16:18:47.076Z] [67/782] Processing: "Visit the Ekkovision Store" (ASIN: B0DQF91DDF) -> Cleaned: "Ekkovision"
[2026-06-22T16:18:47.076Z]   [Dry-Run] Would search and enrich contact for "Ekkovision"
[2026-06-22T16:18:47.076Z] [68/782] Processing: "Visit the PetLab Co. Store" (ASIN: B0C3JMT6RY) -> Cleaned: "PetLab Co."
[2026-06-22T16:18:47.076Z]   [Dry-Run] Would search and enrich contact for "PetLab Co."
[2026-06-22T16:18:47.076Z] [69/782] Processing: "Visit the HPYGN Store" (ASIN: B0B1V8NKJM) -> Cleaned: "HPYGN"
[2026-06-22T16:18:47.076Z]   [Dry-Run] Would search and enrich contact for "HPYGN"
[2026-06-22T16:18:47.076Z] [70/782] Processing: "Visit the Le'raze Store" (ASIN: B09WXWP3H1) -> Cleaned: "Le'raze"
[2026-06-22T16:18:47.076Z]   [Dry-Run] Would search and enrich contact for "Le'raze"
[2026-06-22T16:18:47.076Z] [71/782] Processing: "Visit the Ekkovision Store" (ASIN: B0DQF8FW57) -> Cleaned: "Ekkovision"
[2026-06-22T16:18:47.076Z]   [Dry-Run] Would search and enrich contact for "Ekkovision"
[2026-06-22T16:18:47.076Z] [72/782] Processing: "Visit the Nectar & Nest Store" (ASIN: B0FKKMT3MH) -> Cleaned: "Nectar & Nest"
[2026-06-22T16:18:47.076Z]   [Dry-Run] Would search and enrich contact for "Nectar & Nest"
[2026-06-22T16:18:47.077Z] [73/782] Processing: "Visit the RUMBLE ROLLER Store" (ASIN: B006QMK1FK) -> Cleaned: "RUMBLE ROLLER"
[2026-06-22T16:18:47.077Z]   [Dry-Run] Would search and enrich contact for "RUMBLE ROLLER"
[2026-06-22T16:18:47.077Z] [74/782] Processing: "Visit the FitBeast Store" (ASIN: B0BXLGQNZC) -> Cleaned: "FitBeast"
[2026-06-22T16:18:47.077Z]   [Dry-Run] Would search and enrich contact for "FitBeast"
[2026-06-22T16:18:47.077Z] [75/782] Processing: "Visit the MAD Beauty Store" (ASIN: B0BTMV6L83) -> Cleaned: "MAD Beauty"
[2026-06-22T16:18:47.077Z]   [Dry-Run] Would search and enrich contact for "MAD Beauty"
[2026-06-22T16:18:47.077Z] [76/782] Processing: "Visit the AyurMat Store" (ASIN: B0DHCHK1G6) -> Cleaned: "AyurMat"
[2026-06-22T16:18:47.077Z]   [Dry-Run] Would search and enrich contact for "AyurMat"
[2026-06-22T16:18:47.077Z] [77/782] Processing: "Visit the Krightlink Store" (ASIN: B0D4GZPX3T) -> Cleaned: "Krightlink"
[2026-06-22T16:18:47.077Z]   [Dry-Run] Would search and enrich contact for "Krightlink"
[2026-06-22T16:18:47.077Z] [78/782] Processing: "Visit the Antler Farms Store" (ASIN: B0BWPY12SD) -> Cleaned: "Antler Farms"
[2026-06-22T16:18:47.077Z]   [Dry-Run] Would search and enrich contact for "Antler Farms"
[2026-06-22T16:18:47.077Z] [79/782] Processing: "Visit the Ultisana Store" (ASIN: B0DQK663FB) -> Cleaned: "Ultisana"
[2026-06-22T16:18:47.077Z]   [Dry-Run] Would search and enrich contact for "Ultisana"
[2026-06-22T16:18:47.077Z] [80/782] Processing: "Brand: CXCTCT" (ASIN: B09F9FC56S) -> Cleaned: "CXCTCT"
[2026-06-22T16:18:47.077Z]   [Dry-Run] Would search and enrich contact for "CXCTCT"
[2026-06-22T16:18:47.077Z] [81/782] Processing: "Visit the Trobing Store" (ASIN: B0B653Q2ZW) -> Cleaned: "Trobing"
[2026-06-22T16:18:47.077Z]   [Dry-Run] Would search and enrich contact for "Trobing"
[2026-06-22T16:18:47.077Z] [82/782] Processing: "Visit the AICNLY Store" (ASIN: B0FJ1R95SN) -> Cleaned: "AICNLY"
[2026-06-22T16:18:47.077Z]   [Dry-Run] Would search and enrich contact for "AICNLY"
[2026-06-22T16:18:47.077Z] [83/782] Processing: "Visit the Ophanie Store" (ASIN: B0CMQHRZNP) -> Cleaned: "Ophanie"
[2026-06-22T16:18:47.078Z]   [Dry-Run] Would search and enrich contact for "Ophanie"
[2026-06-22T16:18:47.078Z] [84/782] Processing: "Visit the ergohead Store" (ASIN: B0CH13FN9T) -> Cleaned: "ergohead"
[2026-06-22T16:18:47.078Z]   [Dry-Run] Would search and enrich contact for "ergohead"
[2026-06-22T16:18:47.078Z] [85/782] Processing: "Brand: Underground Bio Labs" (ASIN: B0DL7W57GZ) -> Cleaned: "Underground Bio Labs"
[2026-06-22T16:18:47.078Z]   [Dry-Run] Would search and enrich contact for "Underground Bio Labs"
[2026-06-22T16:18:47.078Z] [86/782] Processing: "Visit the ERGO COLLECT Store" (ASIN: B0F6LR11QH) -> Cleaned: "ERGO COLLECT"
[2026-06-22T16:18:47.078Z]   [Dry-Run] Would search and enrich contact for "ERGO COLLECT"
[2026-06-22T16:18:47.078Z] [87/782] Processing: "Visit the Gaia Herbs PRO Store" (ASIN: B0DK2FG2FV) -> Cleaned: "Gaia Herbs PRO"
[2026-06-22T16:18:47.078Z]   [Dry-Run] Would search and enrich contact for "Gaia Herbs PRO"
[2026-06-22T16:18:47.078Z] [88/782] Processing: "Visit the Viteey Store" (ASIN: B0BH59Z41R) -> Cleaned: "Viteey"
[2026-06-22T16:18:47.078Z]   [Dry-Run] Would search and enrich contact for "Viteey"
[2026-06-22T16:18:47.078Z] [89/782] Processing: "Visit the ShaktiMat Store" (ASIN: B071LJRW2T) -> Cleaned: "ShaktiMat"
[2026-06-22T16:18:47.078Z]   [Dry-Run] Would search and enrich contact for "ShaktiMat"
[2026-06-22T16:18:47.078Z] [90/782] Processing: "Visit the Lonvera Store" (ASIN: B0CWG9ZRMB) -> Cleaned: "Lonvera"
[2026-06-22T16:18:47.078Z]   [Dry-Run] Would search and enrich contact for "Lonvera"
[2026-06-22T16:18:47.078Z] [91/782] Processing: "Visit the SUBCULTUREPICK Store" (ASIN: B0D9JCTG5H) -> Cleaned: "SUBCULTUREPICK"
[2026-06-22T16:18:47.078Z]   [Dry-Run] Would search and enrich contact for "SUBCULTUREPICK"
[2026-06-22T16:18:47.078Z] [92/782] Processing: "Visit the SOFTKISS Store" (ASIN: B08R3643VL) -> Cleaned: "SOFTKISS"
[2026-06-22T16:18:47.078Z]   [Dry-Run] Would search and enrich contact for "SOFTKISS"
[2026-06-22T16:18:47.078Z] [93/782] Processing: "Visit the Mushyn Store" (ASIN: B0D3HZ2VLD) -> Cleaned: "Mushyn"
[2026-06-22T16:18:47.078Z]   [Dry-Run] Would search and enrich contact for "Mushyn"
[2026-06-22T16:18:47.078Z] [94/782] Processing: "Visit the ShaktiMat Store" (ASIN: B0DJV1VZ5T) -> Cleaned: "ShaktiMat"
[2026-06-22T16:18:47.078Z]   [Dry-Run] Would search and enrich contact for "ShaktiMat"
[2026-06-22T16:18:47.078Z] [95/782] Processing: "Visit the Inblair Store" (ASIN: B0FQJVXQLC) -> Cleaned: "Inblair"
[2026-06-22T16:18:47.078Z]   [Dry-Run] Would search and enrich contact for "Inblair"
[2026-06-22T16:18:47.078Z] [96/782] Processing: "Visit the LTHTRADE Store" (ASIN: B0DNSND2KJ) -> Cleaned: "LTHTRADE"
[2026-06-22T16:18:47.078Z]   [Dry-Run] Would search and enrich contact for "LTHTRADE"
[2026-06-22T16:18:47.078Z] [97/782] Processing: "Visit the ma:nyo Store" (ASIN: B0FH67BX3V) -> Cleaned: "ma:nyo"
[2026-06-22T16:18:47.079Z]   [Dry-Run] Would search and enrich contact for "ma:nyo"
[2026-06-22T16:18:47.079Z] [98/782] Processing: "Visit the FitBeast Store" (ASIN: B0BJKRRZZ6) -> Cleaned: "FitBeast"
[2026-06-22T16:18:47.079Z]   [Dry-Run] Would search and enrich contact for "FitBeast"
[2026-06-22T16:18:47.079Z] [99/782] Processing: "Brand: Skin Daily Skincare Solutions" (ASIN: B00I80TBHM) -> Cleaned: "Skin Daily Skincare Solutions"
[2026-06-22T16:18:47.079Z]   [Dry-Run] Would search and enrich contact for "Skin Daily Skincare Solutions"
[2026-06-22T16:18:47.079Z] [100/782] Processing: "Visit the Zazzee Store" (ASIN: B0CCB59S7B) -> Cleaned: "Zazzee"
[2026-06-22T16:18:47.079Z]   [Dry-Run] Would search and enrich contact for "Zazzee"
[2026-06-22T16:18:47.079Z] [101/782] Processing: "Visit the HOMLYNS Store" (ASIN: B0DQNJM5PK) -> Cleaned: "HOMLYNS"
[2026-06-22T16:18:47.079Z]   [Dry-Run] Would search and enrich contact for "HOMLYNS"
[2026-06-22T16:18:47.079Z] [102/782] Processing: "Visit the ergohead Store" (ASIN: B08721VQK3) -> Cleaned: "ergohead"
[2026-06-22T16:18:47.079Z]   [Dry-Run] Would search and enrich contact for "ergohead"
[2026-06-22T16:18:47.079Z] [103/782] Processing: "Visit the Trobing Store" (ASIN: B09CMP399C) -> Cleaned: "Trobing"
[2026-06-22T16:18:47.079Z]   [Dry-Run] Would search and enrich contact for "Trobing"
[2026-06-22T16:18:47.079Z] [104/782] Processing: "Visit the ULTIMATE PET NUTRITION Store" (ASIN: B0DQ6JWMJY) -> Cleaned: "ULTIMATE PET NUTRITION"
[2026-06-22T16:18:47.079Z]   [Dry-Run] Would search and enrich contact for "ULTIMATE PET NUTRITION"
[2026-06-22T16:18:47.079Z] [105/782] Processing: "Brand: TranquilMoments" (ASIN: B0F5WRQM63) -> Cleaned: "TranquilMoments"
[2026-06-22T16:18:47.079Z]   [Dry-Run] Would search and enrich contact for "TranquilMoments"
[2026-06-22T16:18:47.079Z] [106/782] Processing: "Visit the Ora Organic Store" (ASIN: B071GSFY4F) -> Cleaned: "Ora Organic"
[2026-06-22T16:18:47.079Z]   [Dry-Run] Would search and enrich contact for "Ora Organic"
[2026-06-22T16:18:47.079Z] [107/782] Processing: "Visit the Vetriuntrix Store" (ASIN: B0GR5FH8T9) -> Cleaned: "Vetriuntrix"
[2026-06-22T16:18:47.079Z]   [Dry-Run] Would search and enrich contact for "Vetriuntrix"
[2026-06-22T16:18:47.079Z] [108/782] Processing: "Visit the Pet Protect Store" (ASIN: B0CWWF8WX2) -> Cleaned: "Pet Protect"
[2026-06-22T16:18:47.079Z]   [Dry-Run] Would search and enrich contact for "Pet Protect"
[2026-06-22T16:18:47.079Z] [109/782] Processing: "Visit the Radha Beauty Store" (ASIN: B00VNXQE94) -> Cleaned: "Radha Beauty"
[2026-06-22T16:18:47.079Z]   [Dry-Run] Would search and enrich contact for "Radha Beauty"
[2026-06-22T16:18:47.079Z] [110/782] Processing: "Brand: AFS-TEX" (ASIN: B07BSF84RS) -> Cleaned: "AFS-TEX"
[2026-06-22T16:18:47.079Z]   [Dry-Run] Would search and enrich contact for "AFS-TEX"
[2026-06-22T16:18:47.079Z] [111/782] Processing: "Visit the Petsology Store" (ASIN: B0GCNVN2HX) -> Cleaned: "Petsology"
[2026-06-22T16:18:47.079Z]   [Dry-Run] Would search and enrich contact for "Petsology"
[2026-06-22T16:18:47.080Z] [112/782] Processing: "Visit the TEAMIX Store" (ASIN: B08S3WSCMD) -> Cleaned: "TEAMIX"
[2026-06-22T16:18:47.080Z]   [Dry-Run] Would search and enrich contact for "TEAMIX"
[2026-06-22T16:18:47.080Z] [113/782] Processing: "Visit the PRISTINE'S Store" (ASIN: B0CT68RPXK) -> Cleaned: "PRISTINE'S"
[2026-06-22T16:18:47.080Z]   [Dry-Run] Would search and enrich contact for "PRISTINE'S"
[2026-06-22T16:18:47.080Z] [114/782] Processing: "Visit the Eight Saints Store" (ASIN: B0G5BHBYFL) -> Cleaned: "Eight Saints"
[2026-06-22T16:18:47.080Z]   [Dry-Run] Would search and enrich contact for "Eight Saints"
[2026-06-22T16:18:47.080Z] [115/782] Processing: "Visit the AMPLICELL Store" (ASIN: B0859RRK6P) -> Cleaned: "AMPLICELL"
[2026-06-22T16:18:47.080Z]   [Dry-Run] Would search and enrich contact for "AMPLICELL"
[2026-06-22T16:18:47.080Z] [116/782] Processing: "Visit the RANAVAT BOTANICS Store" (ASIN: B0GL9WQBFS) -> Cleaned: "RANAVAT BOTANICS"
[2026-06-22T16:18:47.080Z]   [Dry-Run] Would search and enrich contact for "RANAVAT BOTANICS"
[2026-06-22T16:18:47.080Z] [117/782] Processing: "Visit the RIWUCT Store" (ASIN: B0F1FK6JY3) -> Cleaned: "RIWUCT"
[2026-06-22T16:18:47.080Z]   [Dry-Run] Would search and enrich contact for "RIWUCT"
[2026-06-22T16:18:47.080Z] [118/782] Processing: "Visit the Torriden Store" (ASIN: B0CMH3QM8V) -> Cleaned: "Torriden"
[2026-06-22T16:18:47.080Z]   [Dry-Run] Would search and enrich contact for "Torriden"
[2026-06-22T16:18:47.080Z] [119/782] Processing: "Visit the DOCTORS' PREFERRED Store" (ASIN: B0CBCLCWCY) -> Cleaned: "DOCTORS' PREFERRED"
[2026-06-22T16:18:47.080Z]   [Dry-Run] Would search and enrich contact for "DOCTORS' PREFERRED"
[2026-06-22T16:18:47.080Z] [120/782] Processing: "Brand: Nature's Farmacy" (ASIN: B0CGKPKWMY) -> Cleaned: "Nature's Farmacy"
[2026-06-22T16:18:47.080Z]   [Dry-Run] Would search and enrich contact for "Nature's Farmacy"
[2026-06-22T16:18:47.080Z] [121/782] Processing: "Visit the Ladywell Store" (ASIN: B0CN7DSFPX) -> Cleaned: "Ladywell"
[2026-06-22T16:18:47.080Z]   [Dry-Run] Would search and enrich contact for "Ladywell"
[2026-06-22T16:18:47.080Z] [122/782] Processing: "Brand: ELDOMA" (ASIN: B0DRST2NVX) -> Cleaned: "ELDOMA"
[2026-06-22T16:18:47.081Z]   [Dry-Run] Would search and enrich contact for "ELDOMA"
[2026-06-22T16:18:47.081Z] [123/782] Processing: "Visit the K&H Pet Products Store" (ASIN: B07PF1LDMP) -> Cleaned: "K&H Pet Products"
[2026-06-22T16:18:47.081Z]   [Dry-Run] Would search and enrich contact for "K&H Pet Products"
[2026-06-22T16:18:47.081Z] [124/782] Processing: "Visit the ZEBORA Store" (ASIN: B0DLW7TFSC) -> Cleaned: "ZEBORA"
[2026-06-22T16:18:47.081Z]   [Dry-Run] Would search and enrich contact for "ZEBORA"
[2026-06-22T16:18:47.081Z] [125/782] Processing: "Visit the NATURELAB. TOKYO Store" (ASIN: B0BQLB2QRR) -> Cleaned: "NATURELAB. TOKYO"
[2026-06-22T16:18:47.081Z]   [Dry-Run] Would search and enrich contact for "NATURELAB. TOKYO"
[2026-06-22T16:18:47.081Z] [126/782] Processing: "Visit the Adndale Store" (ASIN: B0CSKGQ7JD) -> Cleaned: "Adndale"
[2026-06-22T16:18:47.081Z]   [Dry-Run] Would search and enrich contact for "Adndale"
[2026-06-22T16:18:47.081Z] [127/782] Processing: "Visit the Clean Nutraceuticals Store" (ASIN: B0BVY37YGX) -> Cleaned: "Clean Nutraceuticals"
[2026-06-22T16:18:47.081Z]   [Dry-Run] Would search and enrich contact for "Clean Nutraceuticals"
[2026-06-22T16:18:47.081Z] [128/782] Processing: "Visit the Pawzitive Pets Store" (ASIN: B0DQCTBFJC) -> Cleaned: "Pawzitive Pets"
[2026-06-22T16:18:47.081Z]   [Dry-Run] Would search and enrich contact for "Pawzitive Pets"
[2026-06-22T16:18:47.081Z] [129/782] Processing: "Brand: LazyNight" (ASIN: B0CTHM5PY6) -> Cleaned: "LazyNight"
[2026-06-22T16:18:47.081Z]   [Dry-Run] Would search and enrich contact for "LazyNight"
[2026-06-22T16:18:47.081Z] [130/782] Processing: "Micro Ingredients" (ASIN: B08MWZQ4S6) -> Cleaned: "Micro Ingredients"
[2026-06-22T16:18:47.081Z]   [Dry-Run] Would search and enrich contact for "Micro Ingredients"
[2026-06-22T16:18:47.081Z] [131/782] Processing: "Visit the Chew + Heal Labs Store" (ASIN: B0C7CX1Z72) -> Cleaned: "Chew + Heal Labs"
[2026-06-22T16:18:47.081Z]   [Dry-Run] Would search and enrich contact for "Chew + Heal Labs"
[2026-06-22T16:18:47.081Z] [132/782] Processing: "Visit the BulkSupplements Store" (ASIN: B0CHGY7LFW) -> Cleaned: "BulkSupplements"
[2026-06-22T16:18:47.081Z]   [Dry-Run] Would search and enrich contact for "BulkSupplements"
[2026-06-22T16:18:47.081Z] [133/782] Processing: "Visit the Micro Ingredients Store" (ASIN: B0D68JXS1L) -> Cleaned: "Micro Ingredients"
[2026-06-22T16:18:47.081Z]   [Dry-Run] Would search and enrich contact for "Micro Ingredients"
[2026-06-22T16:18:47.081Z] [134/782] Processing: "Pure Encapsulations" (ASIN: B0CD8PV49D) -> Cleaned: "Pure Encapsulations"
[2026-06-22T16:18:47.081Z]   [Dry-Run] Would search and enrich contact for "Pure Encapsulations"
[2026-06-22T16:18:47.081Z] [135/782] Processing: "Visit the OmniBiotics Store" (ASIN: B07M79DMTP) -> Cleaned: "OmniBiotics"
[2026-06-22T16:18:47.081Z]   [Dry-Run] Would search and enrich contact for "OmniBiotics"
[2026-06-22T16:18:47.081Z] [136/782] Processing: "Visit the OUTELANDE Store" (ASIN: B0F4QJP5L3) -> Cleaned: "OUTELANDE"
[2026-06-22T16:18:47.082Z]   [Dry-Run] Would search and enrich contact for "OUTELANDE"
[2026-06-22T16:18:47.082Z] [137/782] Processing: "Nature's Truth" (ASIN: B08F2RD3RX) -> Cleaned: "Nature's Truth"
[2026-06-22T16:18:47.082Z]   [Dry-Run] Would search and enrich contact for "Nature's Truth"
[2026-06-22T16:18:47.082Z] [138/782] Processing: "by Make Believe Ideas (Author), Annie Simpson (Illustrator)" (ASIN: 1789473659) -> Cleaned: "by Make Believe Ideas (Author), Annie Simpson (Illustrator)"
[2026-06-22T16:18:47.082Z]   [Dry-Run] Would search and enrich contact for "by Make Believe Ideas (Author), Annie Simpson (Illustrator)"
[2026-06-22T16:18:47.082Z] [139/782] Processing: "Brand: I Love Pop Tarts" (ASIN: B0CF44X27S) -> Cleaned: "I Love Pop Tarts"
[2026-06-22T16:18:47.082Z]   [Dry-Run] Would search and enrich contact for "I Love Pop Tarts"
[2026-06-22T16:18:47.082Z] [140/782] Processing: "Visit the RapidBrow Store" (ASIN: B013WA430M) -> Cleaned: "RapidBrow"
[2026-06-22T16:18:47.082Z]   [Dry-Run] Would search and enrich contact for "RapidBrow"
[2026-06-22T16:18:47.082Z] [141/782] Processing: "Visit the DWTS DANWEITESI Store" (ASIN: B0CKN6MCLD) -> Cleaned: "DWTS DANWEITESI"
[2026-06-22T16:18:47.082Z]   [Dry-Run] Would search and enrich contact for "DWTS DANWEITESI"
[2026-06-22T16:18:47.082Z] [142/782] Processing: "Visit the Amazon Basics Store" (ASIN: B0FG7M7VD3) -> Cleaned: "Amazon Basics"
[2026-06-22T16:18:47.082Z]   [Dry-Run] Would search and enrich contact for "Amazon Basics"
[2026-06-22T16:18:47.082Z] [143/782] Processing: "Visit the Nutreb Store" (ASIN: B0CBB1H324) -> Cleaned: "Nutreb"
[2026-06-22T16:18:47.082Z]   [Dry-Run] Would search and enrich contact for "Nutreb"
[2026-06-22T16:18:47.082Z] [144/782] Processing: "Brand: CurEase" (ASIN: B00N2YJNBS) -> Cleaned: "CurEase"
[2026-06-22T16:18:47.082Z]   [Dry-Run] Would search and enrich contact for "CurEase"
[2026-06-22T16:18:47.082Z] [145/782] Processing: "Visit the Colla Vita Store" (ASIN: B0DW886T81) -> Cleaned: "Colla Vita"
[2026-06-22T16:18:47.082Z]   [Dry-Run] Would search and enrich contact for "Colla Vita"
[2026-06-22T16:18:47.082Z] [146/782] Processing: "Visit the Vitamatic Store" (ASIN: B0CLR7BP3Z) -> Cleaned: "Vitamatic"
[2026-06-22T16:18:47.082Z]   [Dry-Run] Would search and enrich contact for "Vitamatic"
[2026-06-22T16:18:47.082Z] [147/782] Processing: "Visit the aSquared Nutrition Store" (ASIN: B0DJC3YYX9) -> Cleaned: "aSquared Nutrition"
[2026-06-22T16:18:47.082Z]   [Dry-Run] Would search and enrich contact for "aSquared Nutrition"
[2026-06-22T16:18:47.082Z] [148/782] Processing: "Visit the KAPPA NUTRITION Store" (ASIN: B08NZ736L1) -> Cleaned: "KAPPA NUTRITION"
[2026-06-22T16:18:47.082Z]   [Dry-Run] Would search and enrich contact for "KAPPA NUTRITION"
[2026-06-22T16:18:47.082Z] [149/782] Processing: "Visit the No nothing Store" (ASIN: B08T9LHRPL) -> Cleaned: "No nothing"
[2026-06-22T16:18:47.083Z]   [Dry-Run] Would search and enrich contact for "No nothing"
[2026-06-22T16:18:47.083Z] [150/782] Processing: "Visit the EHP Labs Store" (ASIN: B073ZLDDW2) -> Cleaned: "EHP Labs"
[2026-06-22T16:18:47.083Z]   [Dry-Run] Would search and enrich contact for "EHP Labs"
[2026-06-22T16:18:47.083Z] [151/782] Processing: "Visit the NatureBell Store" (ASIN: B0DDCWYPWR) -> Cleaned: "NatureBell"
[2026-06-22T16:18:47.083Z]   [Dry-Run] Would search and enrich contact for "NatureBell"
[2026-06-22T16:18:47.083Z] [152/782] Processing: "Visit the Sandhu's Store" (ASIN: B0FXNQY3H3) -> Cleaned: "Sandhu's"
[2026-06-22T16:18:47.083Z]   [Dry-Run] Would search and enrich contact for "Sandhu's"
[2026-06-22T16:18:47.083Z] [153/782] Processing: "Visit the Nature's Truth Store" (ASIN: B06XQ1YWT9) -> Cleaned: "Nature's Truth"
[2026-06-22T16:18:47.083Z]   [Dry-Run] Would search and enrich contact for "Nature's Truth"
[2026-06-22T16:18:47.083Z] [154/782] Processing: "Visit the DownRange Supplements Store" (ASIN: B0CJB1D9MZ) -> Cleaned: "DownRange Supplements"
[2026-06-22T16:18:47.083Z]   [Dry-Run] Would search and enrich contact for "DownRange Supplements"
[2026-06-22T16:18:47.084Z] [155/782] Processing: "Brand: The Beauty Nectar" (ASIN: B0F6YYPJXJ) -> Cleaned: "The Beauty Nectar"
[2026-06-22T16:18:47.084Z]   [Dry-Run] Would search and enrich contact for "The Beauty Nectar"
[2026-06-22T16:18:47.084Z] [156/782] Processing: "Visit the Bluelene Store" (ASIN: B0CZS6HM46) -> Cleaned: "Bluelene"
[2026-06-22T16:18:47.084Z]   [Dry-Run] Would search and enrich contact for "Bluelene"
[2026-06-22T16:18:47.084Z] [157/782] Processing: "Brand: nvucamd" (ASIN: B0FS1RQ7HK) -> Cleaned: "nvucamd"
[2026-06-22T16:18:47.084Z]   [Dry-Run] Would search and enrich contact for "nvucamd"
[2026-06-22T16:18:47.084Z] [158/782] Processing: "Visit the Clean Nutraceuticals Store" (ASIN: B0BPWFGY4H) -> Cleaned: "Clean Nutraceuticals"
[2026-06-22T16:18:47.084Z]   [Dry-Run] Would search and enrich contact for "Clean Nutraceuticals"
[2026-06-22T16:18:47.084Z] [159/782] Processing: "Visit the CeliAeh Store" (ASIN: B0DT5N69BS) -> Cleaned: "CeliAeh"
[2026-06-22T16:18:47.084Z]   [Dry-Run] Would search and enrich contact for "CeliAeh"
[2026-06-22T16:18:47.084Z] [160/782] Processing: "Visit the Buddy's Best Store" (ASIN: B09NRVRKG2) -> Cleaned: "Buddy's Best"
[2026-06-22T16:18:47.084Z]   [Dry-Run] Would search and enrich contact for "Buddy's Best"
[2026-06-22T16:18:47.084Z] [161/782] Processing: "Visit the Naturealm Store" (ASIN: B0CQKGNFQY) -> Cleaned: "Naturealm"
[2026-06-22T16:18:47.084Z]   [Dry-Run] Would search and enrich contact for "Naturealm"
[2026-06-22T16:18:47.084Z] [162/782] Processing: "Brand: GRIZZLY PET PRODUCTS" (ASIN: B07L535F5X) -> Cleaned: "GRIZZLY PET PRODUCTS"
[2026-06-22T16:18:47.084Z]   [Dry-Run] Would search and enrich contact for "GRIZZLY PET PRODUCTS"
[2026-06-22T16:18:47.084Z] [163/782] Processing: "Visit the STRELLALAB Store" (ASIN: B0B7GDWZ3J) -> Cleaned: "STRELLALAB"
[2026-06-22T16:18:47.084Z]   [Dry-Run] Would search and enrich contact for "STRELLALAB"
[2026-06-22T16:18:47.085Z] [164/782] Processing: "Visit the KODIAK NATURALS Store" (ASIN: B09HB6TQ3V) -> Cleaned: "KODIAK NATURALS"
[2026-06-22T16:18:47.085Z]   [Dry-Run] Would search and enrich contact for "KODIAK NATURALS"
[2026-06-22T16:18:47.085Z] [165/782] Processing: "Visit the Alaska Naturals Store" (ASIN: B0048A5GZM) -> Cleaned: "Alaska Naturals"
[2026-06-22T16:18:47.085Z]   [Dry-Run] Would search and enrich contact for "Alaska Naturals"
[2026-06-22T16:18:47.085Z] [166/782] Processing: "Visit the Ancient Origins Store" (ASIN: B0BGMMJ1K1) -> Cleaned: "Ancient Origins"
[2026-06-22T16:18:47.085Z]   [Dry-Run] Would search and enrich contact for "Ancient Origins"
[2026-06-22T16:18:47.085Z] [167/782] Processing: "Visit the Adndale Store" (ASIN: B0DWKMCSFM) -> Cleaned: "Adndale"
[2026-06-22T16:18:47.085Z]   [Dry-Run] Would search and enrich contact for "Adndale"
[2026-06-22T16:18:47.085Z] [168/782] Processing: "Visit the VivoNu Store" (ASIN: B0DXDT46HV) -> Cleaned: "VivoNu"
[2026-06-22T16:18:47.085Z]   [Dry-Run] Would search and enrich contact for "VivoNu"
[2026-06-22T16:18:47.085Z] [169/782] Processing: "Visit the Forge Skin Store" (ASIN: B0D1NGHSZ8) -> Cleaned: "Forge Skin"
[2026-06-22T16:18:47.085Z]   [Dry-Run] Would search and enrich contact for "Forge Skin"
[2026-06-22T16:18:47.085Z] [170/782] Processing: "Visit the NATURAL SHILAJIT Store" (ASIN: B08XBBHV42) -> Cleaned: "NATURAL SHILAJIT"
[2026-06-22T16:18:47.085Z]   [Dry-Run] Would search and enrich contact for "NATURAL SHILAJIT"
[2026-06-22T16:18:47.085Z] [171/782] Processing: "Visit the Essencraft Store" (ASIN: B0CH9GGFTQ) -> Cleaned: "Essencraft"
[2026-06-22T16:18:47.085Z]   [Dry-Run] Would search and enrich contact for "Essencraft"
[2026-06-22T16:18:47.085Z] [172/782] Processing: "Visit the Pure Himalayan Shilajit Store" (ASIN: B08CNLHZ89) -> Cleaned: "Pure Himalayan Shilajit"
[2026-06-22T16:18:47.085Z]   [Dry-Run] Would search and enrich contact for "Pure Himalayan Shilajit"
[2026-06-22T16:18:47.085Z] [173/782] Processing: "Brand: Lofero" (ASIN: B0G7CF2CSR) -> Cleaned: "Lofero"
[2026-06-22T16:18:47.086Z]   [Dry-Run] Would search and enrich contact for "Lofero"
[2026-06-22T16:18:47.086Z] [174/782] Processing: "Visit the Pure Encapsulations Store" (ASIN: B00G3CZ0XG) -> Cleaned: "Pure Encapsulations"
[2026-06-22T16:18:47.086Z]   [Dry-Run] Would search and enrich contact for "Pure Encapsulations"
[2026-06-22T16:18:47.086Z] [175/782] Processing: "Visit the Primal Being Store" (ASIN: B0FPTL14T4) -> Cleaned: "Primal Being"
[2026-06-22T16:18:47.086Z]   [Dry-Run] Would search and enrich contact for "Primal Being"
[2026-06-22T16:18:47.086Z] [176/782] Processing: "Brand: Backcountry Iron" (ASIN: B074ND5RDT) -> Cleaned: "Backcountry Iron"
[2026-06-22T16:18:47.086Z]   [Dry-Run] Would search and enrich contact for "Backcountry Iron"
[2026-06-22T16:18:47.086Z] [177/782] Processing: "Visit the BulkSupplements Store" (ASIN: B015YG2N2C) -> Cleaned: "BulkSupplements"
[2026-06-22T16:18:47.086Z]   [Dry-Run] Would search and enrich contact for "BulkSupplements"
[2026-06-22T16:18:47.086Z] [178/782] Processing: "Brand: SVPMECN" (ASIN: B0DZCPGHCJ) -> Cleaned: "SVPMECN"
[2026-06-22T16:18:47.086Z]   [Dry-Run] Would search and enrich contact for "SVPMECN"
[2026-06-22T16:18:47.086Z] [179/782] Processing: "Visit the Mezchi Store" (ASIN: B0DQP21ZYR) -> Cleaned: "Mezchi"
[2026-06-22T16:18:47.086Z]   [Dry-Run] Would search and enrich contact for "Mezchi"
[2026-06-22T16:18:47.086Z] [180/782] Processing: "Visit the Eight Saints Store" (ASIN: B0CZ211SYS) -> Cleaned: "Eight Saints"
[2026-06-22T16:18:47.086Z]   [Dry-Run] Would search and enrich contact for "Eight Saints"
[2026-06-22T16:18:47.086Z] [181/782] Processing: "Visit the Horbaeach Store" (ASIN: B0BSXR71QC) -> Cleaned: "Horbaeach"
[2026-06-22T16:18:47.087Z]   [Dry-Run] Would search and enrich contact for "Horbaeach"
[2026-06-22T16:18:47.087Z] [182/782] Processing: "Visit the mommore Store" (ASIN: B0D5CK9X6M) -> Cleaned: "mommore"
[2026-06-22T16:18:47.087Z]   [Dry-Run] Would search and enrich contact for "mommore"
[2026-06-22T16:18:47.087Z] [183/782] Processing: "Brand: UKISS" (ASIN: B0FSJFDKBT) -> Cleaned: "UKISS"
[2026-06-22T16:18:47.087Z]   [Dry-Run] Would search and enrich contact for "UKISS"
[2026-06-22T16:18:47.087Z] [184/782] Processing: "Visit the Famisym Store" (ASIN: B09YRYM9XF) -> Cleaned: "Famisym"
[2026-06-22T16:18:47.087Z]   [Dry-Run] Would search and enrich contact for "Famisym"
[2026-06-22T16:18:47.087Z] [185/782] Processing: "Brand: TALLOW BODY BALM" (ASIN: B0FB1ST9Q2) -> Cleaned: "TALLOW BODY BALM"
[2026-06-22T16:18:47.087Z]   [Dry-Run] Would search and enrich contact for "TALLOW BODY BALM"
[2026-06-22T16:18:47.087Z] [186/782] Processing: "Visit the Nootropics Depot Store" (ASIN: B01CZ2EH72) -> Cleaned: "Nootropics Depot"
[2026-06-22T16:18:47.087Z]   [Dry-Run] Would search and enrich contact for "Nootropics Depot"
[2026-06-22T16:18:47.087Z] [187/782] Processing: "Visit the Fitense Store" (ASIN: B0DDBYDXS9) -> Cleaned: "Fitense"
[2026-06-22T16:18:47.087Z]   [Dry-Run] Would search and enrich contact for "Fitense"
[2026-06-22T16:18:47.087Z] [188/782] Processing: "Visit the FREATECH Store" (ASIN: B0GCZ36FLN) -> Cleaned: "FREATECH"
[2026-06-22T16:18:47.087Z]   [Dry-Run] Would search and enrich contact for "FREATECH"
[2026-06-22T16:18:47.087Z] [189/782] Processing: "Visit the Mother Nutrient Store" (ASIN: B07F6SYNV5) -> Cleaned: "Mother Nutrient"
[2026-06-22T16:18:47.087Z]   [Dry-Run] Would search and enrich contact for "Mother Nutrient"
[2026-06-22T16:18:47.087Z] [190/782] Processing: "Visit the CAROTE Store" (ASIN: B0FQTT8VF2) -> Cleaned: "CAROTE"
[2026-06-22T16:18:47.087Z]   [Dry-Run] Would search and enrich contact for "CAROTE"
[2026-06-22T16:18:47.088Z] [191/782] Processing: "Visit the Cimouy Store" (ASIN: B0GCRQ13B4) -> Cleaned: "Cimouy"
[2026-06-22T16:18:47.088Z]   [Dry-Run] Would search and enrich contact for "Cimouy"
[2026-06-22T16:18:47.088Z] [192/782] Processing: "Visit the BrewMOO Store" (ASIN: B0F84CXFT3) -> Cleaned: "BrewMOO"
[2026-06-22T16:18:47.088Z]   [Dry-Run] Would search and enrich contact for "BrewMOO"
[2026-06-22T16:18:47.088Z] [193/782] Processing: "Visit the ProsourceFit Store" (ASIN: B08FWHPTVK) -> Cleaned: "ProsourceFit"
[2026-06-22T16:18:47.088Z]   [Dry-Run] Would search and enrich contact for "ProsourceFit"
[2026-06-22T16:18:47.088Z] [194/782] Processing: "Visit the UNMERA Store" (ASIN: B09JS96GYM) -> Cleaned: "UNMERA"
[2026-06-22T16:18:47.088Z]   [Dry-Run] Would search and enrich contact for "UNMERA"
[2026-06-22T16:18:47.088Z] [195/782] Processing: "Brand: Rezebu" (ASIN: B0DYJYKDZS) -> Cleaned: "Rezebu"
[2026-06-22T16:18:47.088Z]   [Dry-Run] Would search and enrich contact for "Rezebu"
[2026-06-22T16:18:47.088Z] [196/782] Processing: "Visit the Visbiome Store" (ASIN: B0FM69CW48) -> Cleaned: "Visbiome"
[2026-06-22T16:18:47.088Z]   [Dry-Run] Would search and enrich contact for "Visbiome"
[2026-06-22T16:18:47.088Z] [197/782] Processing: "Visit the Micro Ingredients Store" (ASIN: B0DK66NCWL) -> Cleaned: "Micro Ingredients"
[2026-06-22T16:18:47.088Z]   [Dry-Run] Would search and enrich contact for "Micro Ingredients"
[2026-06-22T16:18:47.088Z] [198/782] Processing: "Brand: SEAFLEX" (ASIN: B0G4PN7HJJ) -> Cleaned: "SEAFLEX"
[2026-06-22T16:18:47.088Z]   [Dry-Run] Would search and enrich contact for "SEAFLEX"
[2026-06-22T16:18:47.088Z] [199/782] Processing: "Visit the Balance Mate Store" (ASIN: B0DF7RLPTM) -> Cleaned: "Balance Mate"
[2026-06-22T16:18:47.088Z]   [Dry-Run] Would search and enrich contact for "Balance Mate"
[2026-06-22T16:18:47.089Z] [200/782] Processing: "Visit the LumiDew Store" (ASIN: B0G362DYSR) -> Cleaned: "LumiDew"
[2026-06-22T16:18:47.089Z]   [Dry-Run] Would search and enrich contact for "LumiDew"
[2026-06-22T16:18:47.089Z] [201/782] Processing: "Visit the Dr.Althea Store" (ASIN: B0DGLCRZZ3) -> Cleaned: "Dr.Althea"
[2026-06-22T16:18:47.089Z]   [Dry-Run] Would search and enrich contact for "Dr.Althea"
[2026-06-22T16:18:47.089Z] [202/782] Processing: "Visit the DR.FORHAIR Store" (ASIN: B08SJ3BSRZ) -> Cleaned: "DR.FORHAIR"
[2026-06-22T16:18:47.089Z]   [Dry-Run] Would search and enrich contact for "DR.FORHAIR"
[2026-06-22T16:18:47.089Z] [203/782] Processing: "Visit the Pomberries Store" (ASIN: B0DQ8ZRZFK) -> Cleaned: "Pomberries"
[2026-06-22T16:18:47.089Z]   [Dry-Run] Would search and enrich contact for "Pomberries"
[2026-06-22T16:18:47.089Z] [204/782] Processing: "Visit the BYYDDIY Store" (ASIN: B0BFMTJZ1L) -> Cleaned: "BYYDDIY"
[2026-06-22T16:18:47.089Z]   [Dry-Run] Would search and enrich contact for "BYYDDIY"
[2026-06-22T16:18:47.089Z] [205/782] Processing: "Visit the Hushing Store" (ASIN: B0CCV845B7) -> Cleaned: "Hushing"
[2026-06-22T16:18:47.089Z]   [Dry-Run] Would search and enrich contact for "Hushing"
[2026-06-22T16:18:47.089Z] [206/782] Processing: "Visit the Obagi Medical Store" (ASIN: B00IBDCYWK) -> Cleaned: "Obagi Medical"
[2026-06-22T16:18:47.089Z]   [Dry-Run] Would search and enrich contact for "Obagi Medical"
[2026-06-22T16:18:47.089Z] [207/782] Processing: "Visit the MISSWISDOM Store" (ASIN: B0DJ5C3529) -> Cleaned: "MISSWISDOM"
[2026-06-22T16:18:47.089Z]   [Dry-Run] Would search and enrich contact for "MISSWISDOM"
[2026-06-22T16:18:47.089Z] [208/782] Processing: "Visit the Better Alt Store" (ASIN: B0D7HZ66QL) -> Cleaned: "Better Alt"
[2026-06-22T16:18:47.089Z]   [Dry-Run] Would search and enrich contact for "Better Alt"
[2026-06-22T16:18:47.089Z] [209/782] Processing: "Brand: S.Leovay" (ASIN: B0DXQ1YPVY) -> Cleaned: "S.Leovay"
[2026-06-22T16:18:47.090Z]   [Dry-Run] Would search and enrich contact for "S.Leovay"
[2026-06-22T16:18:47.090Z] [210/782] Processing: "Brand: yemyig" (ASIN: B0D78PWJ4W) -> Cleaned: "yemyig"
[2026-06-22T16:18:47.090Z]   [Dry-Run] Would search and enrich contact for "yemyig"
[2026-06-22T16:18:47.090Z] [211/782] Processing: "Visit the LOXP Store" (ASIN: B0DBLBJ2HG) -> Cleaned: "LOXP"
[2026-06-22T16:18:47.090Z]   [Dry-Run] Would search and enrich contact for "LOXP"
[2026-06-22T16:18:47.090Z] [212/782] Processing: "Visit the BBTO Store" (ASIN: B0DPW4LXJ7) -> Cleaned: "BBTO"
[2026-06-22T16:18:47.090Z]   [Dry-Run] Would search and enrich contact for "BBTO"
[2026-06-22T16:18:47.092Z] [213/782] Processing: "Visit the Lyapko applicators Store" (ASIN: B00G98I29I) -> Cleaned: "Lyapko applicators"
[2026-06-22T16:18:47.092Z]   [Dry-Run] Would search and enrich contact for "Lyapko applicators"
[2026-06-22T16:18:47.092Z] [214/782] Processing: "Visit the Dumie Store" (ASIN: B0F66W8J77) -> Cleaned: "Dumie"
[2026-06-22T16:18:47.092Z]   [Dry-Run] Would search and enrich contact for "Dumie"
[2026-06-22T16:18:47.092Z] [215/782] Processing: "Visit the Number One Nutrition Store" (ASIN: B0D9LTF32Z) -> Cleaned: "Number One Nutrition"
[2026-06-22T16:18:47.092Z]   [Dry-Run] Would search and enrich contact for "Number One Nutrition"
[2026-06-22T16:18:47.092Z] [216/782] Processing: "Visit the RUMBLE ROLLER Store" (ASIN: B0716Q348W) -> Cleaned: "RUMBLE ROLLER"
[2026-06-22T16:18:47.092Z]   [Dry-Run] Would search and enrich contact for "RUMBLE ROLLER"
[2026-06-22T16:18:47.092Z] [217/782] Processing: "Visit the Black Mountain Products Store" (ASIN: B002L6WO5U) -> Cleaned: "Black Mountain Products"
[2026-06-22T16:18:47.092Z]   [Dry-Run] Would search and enrich contact for "Black Mountain Products"
[2026-06-22T16:18:47.092Z] [218/782] Processing: "Brand: KUZARO" (ASIN: B0FZG3NSBL) -> Cleaned: "KUZARO"
[2026-06-22T16:18:47.092Z]   [Dry-Run] Would search and enrich contact for "KUZARO"
[2026-06-22T16:18:47.092Z] [219/782] Processing: "Visit the BRING GREEN Store" (ASIN: B0CKVLPFVY) -> Cleaned: "BRING GREEN"
[2026-06-22T16:18:47.092Z]   [Dry-Run] Would search and enrich contact for "BRING GREEN"
[2026-06-22T16:18:47.092Z] [220/782] Processing: "Visit the Papnami Store" (ASIN: B0916HGGQS) -> Cleaned: "Papnami"
[2026-06-22T16:18:47.092Z]   [Dry-Run] Would search and enrich contact for "Papnami"
[2026-06-22T16:18:47.093Z] [221/782] Processing: "Visit the Tranqun Store" (ASIN: B0CKND8K2Y) -> Cleaned: "Tranqun"
[2026-06-22T16:18:47.093Z]   [Dry-Run] Would search and enrich contact for "Tranqun"
[2026-06-22T16:18:47.093Z] [222/782] Processing: "Brand: KUTIZE" (ASIN: B0D95JDH4G) -> Cleaned: "KUTIZE"
[2026-06-22T16:18:47.093Z]   [Dry-Run] Would search and enrich contact for "KUTIZE"
[2026-06-22T16:18:47.093Z] [223/782] Processing: "Visit the Micro Ingredients Store" (ASIN: B0DX44RL58) -> Cleaned: "Micro Ingredients"
[2026-06-22T16:18:47.093Z]   [Dry-Run] Would search and enrich contact for "Micro Ingredients"
[2026-06-22T16:18:47.093Z] [224/782] Processing: "Visit the SIMPLETASTE Store" (ASIN: B0D9PVX9L6) -> Cleaned: "SIMPLETASTE"
[2026-06-22T16:18:47.093Z]   [Dry-Run] Would search and enrich contact for "SIMPLETASTE"
[2026-06-22T16:18:47.093Z] [225/782] Processing: "Brand: CXCTCT" (ASIN: B09F9B8492) -> Cleaned: "CXCTCT"
[2026-06-22T16:18:47.093Z]   [Dry-Run] Would search and enrich contact for "CXCTCT"
[2026-06-22T16:18:47.093Z] [226/782] Processing: "Visit the StepRite Store" (ASIN: B0F8N8JCJP) -> Cleaned: "StepRite"
[2026-06-22T16:18:47.093Z]   [Dry-Run] Would search and enrich contact for "StepRite"
[2026-06-22T16:18:47.093Z] [227/782] Processing: "Visit the gianotter Store" (ASIN: B0DJKSMV2T) -> Cleaned: "gianotter"
[2026-06-22T16:18:47.093Z]   [Dry-Run] Would search and enrich contact for "gianotter"
[2026-06-22T16:18:47.093Z] [228/782] Processing: "Visit the LiLash Store" (ASIN: B07CVM7DLJ) -> Cleaned: "LiLash"
[2026-06-22T16:18:47.093Z]   [Dry-Run] Would search and enrich contact for "LiLash"
[2026-06-22T16:18:47.093Z] [229/782] Processing: "Visit the TTLXRL Store" (ASIN: B0CXDBC717) -> Cleaned: "TTLXRL"
[2026-06-22T16:18:47.093Z]   [Dry-Run] Would search and enrich contact for "TTLXRL"
[2026-06-22T16:18:47.093Z] [230/782] Processing: "Visit the VETRISCIENCE Store" (ASIN: B0746N2NBB) -> Cleaned: "VETRISCIENCE"
[2026-06-22T16:18:47.093Z]   [Dry-Run] Would search and enrich contact for "VETRISCIENCE"
[2026-06-22T16:18:47.094Z] [231/782] Processing: "Visit the VivoNu Store" (ASIN: B0FPLV599J) -> Cleaned: "VivoNu"
[2026-06-22T16:18:47.094Z]   [Dry-Run] Would search and enrich contact for "VivoNu"
[2026-06-22T16:18:47.094Z] [232/782] Processing: "Visit the Rida Hair Research Institute Store" (ASIN: B0D2PFG7XC) -> Cleaned: "Rida Hair Research Institute"
[2026-06-22T16:18:47.094Z]   [Dry-Run] Would search and enrich contact for "Rida Hair Research Institute"
[2026-06-22T16:18:47.094Z] [233/782] Processing: "Visit the INFINA ESSENTIALS Store" (ASIN: B0CR8TWLZV) -> Cleaned: "INFINA ESSENTIALS"
[2026-06-22T16:18:47.094Z]   [Dry-Run] Would search and enrich contact for "INFINA ESSENTIALS"
[2026-06-22T16:18:47.094Z] [234/782] Processing: "Visit the Horjoy Store" (ASIN: B0CSSWM5YM) -> Cleaned: "Horjoy"
[2026-06-22T16:18:47.094Z]   [Dry-Run] Would search and enrich contact for "Horjoy"
[2026-06-22T16:18:47.094Z] [235/782] Processing: "Visit the MaxHemp Store" (ASIN: B0GV6FKT5T) -> Cleaned: "MaxHemp"
[2026-06-22T16:18:47.094Z]   [Dry-Run] Would search and enrich contact for "MaxHemp"
[2026-06-22T16:18:47.094Z] [236/782] Processing: "Visit the NATURELAB. TOKYO Store" (ASIN: B0CMDH4DQR) -> Cleaned: "NATURELAB. TOKYO"
[2026-06-22T16:18:47.094Z]   [Dry-Run] Would search and enrich contact for "NATURELAB. TOKYO"
[2026-06-22T16:18:47.094Z] [237/782] Processing: "Brand: HOXWC" (ASIN: B0DSFQ19B2) -> Cleaned: "HOXWC"
[2026-06-22T16:18:47.094Z]   [Dry-Run] Would search and enrich contact for "HOXWC"
[2026-06-22T16:18:47.094Z] [238/782] Processing: "Visit the NuOrganic Cosmetics Store" (ASIN: B081W78JDN) -> Cleaned: "NuOrganic Cosmetics"
[2026-06-22T16:18:47.094Z]   [Dry-Run] Would search and enrich contact for "NuOrganic Cosmetics"
[2026-06-22T16:18:47.094Z] [239/782] Processing: "Nature's Bounty" (ASIN: B0C6MZV9NT) -> Cleaned: "Nature's Bounty"
[2026-06-22T16:18:47.094Z]   [Dry-Run] Would search and enrich contact for "Nature's Bounty"
[2026-06-22T16:18:47.094Z] [240/782] Processing: "Visit the Zozdal Store" (ASIN: B0GFHCS6VQ) -> Cleaned: "Zozdal"
[2026-06-22T16:18:47.094Z]   [Dry-Run] Would search and enrich contact for "Zozdal"
[2026-06-22T16:18:47.094Z] [241/782] Processing: "Visit the Finest For Pets Store" (ASIN: B0714K53W3) -> Cleaned: "Finest For Pets"
[2026-06-22T16:18:47.094Z]   [Dry-Run] Would search and enrich contact for "Finest For Pets"
[2026-06-22T16:18:47.094Z] [242/782] Processing: "Brand: PhyCox" (ASIN: B0CBQQ1KV8) -> Cleaned: "PhyCox"
[2026-06-22T16:18:47.094Z]   [Dry-Run] Would search and enrich contact for "PhyCox"
[2026-06-22T16:18:47.094Z] [243/782] Processing: "Visit the Pet Honesty Store" (ASIN: B08WTJN17D) -> Cleaned: "Pet Honesty"
[2026-06-22T16:18:47.094Z]   [Dry-Run] Would search and enrich contact for "Pet Honesty"
[2026-06-22T16:18:47.094Z] [244/782] Processing: "Visit the CYMBIOTIKA Store" (ASIN: B085JWKQXK) -> Cleaned: "CYMBIOTIKA"
[2026-06-22T16:18:47.094Z]   [Dry-Run] Would search and enrich contact for "CYMBIOTIKA"
[2026-06-22T16:18:47.094Z] [245/782] Processing: "Visit the Nécessaire Store" (ASIN: B0CC9DRY6W) -> Cleaned: "Nécessaire"
[2026-06-22T16:18:47.094Z]   [Dry-Run] Would search and enrich contact for "Nécessaire"
[2026-06-22T16:18:47.095Z] [246/782] Processing: "Visit the Nugenix Store" (ASIN: B0D482518X) -> Cleaned: "Nugenix"
[2026-06-22T16:18:47.095Z]   [Dry-Run] Would search and enrich contact for "Nugenix"
[2026-06-22T16:18:47.095Z] [247/782] Processing: "Visit the Dogzymes Store" (ASIN: B08Y5XNBVB) -> Cleaned: "Dogzymes"
[2026-06-22T16:18:47.095Z]   [Dry-Run] Would search and enrich contact for "Dogzymes"
[2026-06-22T16:18:47.095Z] [248/782] Processing: "Visit the Dr. Mercola Store" (ASIN: B005IW1GOY) -> Cleaned: "Dr. Mercola"
[2026-06-22T16:18:47.095Z]   [Dry-Run] Would search and enrich contact for "Dr. Mercola"
[2026-06-22T16:18:47.095Z] [249/782] Processing: "Visit the Florisan Store" (ASIN: B0D9PP29TJ) -> Cleaned: "Florisan"
[2026-06-22T16:18:47.095Z]   [Dry-Run] Would search and enrich contact for "Florisan"
[2026-06-22T16:18:47.095Z] [250/782] Processing: "Visit the KARVIVA Store" (ASIN: B0BW92HCTV) -> Cleaned: "KARVIVA"
[2026-06-22T16:18:47.095Z]   [Dry-Run] Would search and enrich contact for "KARVIVA"
[2026-06-22T16:18:47.095Z] [251/782] Processing: "Visit the Nature Made Store" (ASIN: B07D7HKXSQ) -> Cleaned: "Nature Made"
[2026-06-22T16:18:47.095Z]   [Dry-Run] Would search and enrich contact for "Nature Made"
[2026-06-22T16:18:47.095Z] [252/782] Processing: "Visit the Pawlabs Store" (ASIN: B0BV2VW6HM) -> Cleaned: "Pawlabs"
[2026-06-22T16:18:47.095Z]   [Dry-Run] Would search and enrich contact for "Pawlabs"
[2026-06-22T16:18:47.095Z] [253/782] Processing: "Visit the Well Loved Store" (ASIN: B09H3RBXKS) -> Cleaned: "Well Loved"
[2026-06-22T16:18:47.095Z]   [Dry-Run] Would search and enrich contact for "Well Loved"
[2026-06-22T16:18:47.095Z] [254/782] Processing: "Visit the TTLXRL Store" (ASIN: B0D73TKB24) -> Cleaned: "TTLXRL"
[2026-06-22T16:18:47.096Z]   [Dry-Run] Would search and enrich contact for "TTLXRL"
[2026-06-22T16:18:47.096Z] [255/782] Processing: "Visit the Darlin Store" (ASIN: B0D8RT8X5X) -> Cleaned: "Darlin"
[2026-06-22T16:18:47.096Z]   [Dry-Run] Would search and enrich contact for "Darlin"
[2026-06-22T16:18:47.096Z] [256/782] Processing: "Visit the Natural Dog Company Store" (ASIN: B00W1QVTBA) -> Cleaned: "Natural Dog Company"
[2026-06-22T16:18:47.096Z]   [Dry-Run] Would search and enrich contact for "Natural Dog Company"
[2026-06-22T16:18:47.096Z] [257/782] Processing: "Visit the Moby Store" (ASIN: B08DYFCBFC) -> Cleaned: "Moby"
[2026-06-22T16:18:47.096Z]   [Dry-Run] Would search and enrich contact for "Moby"
[2026-06-22T16:18:47.096Z] [258/782] Processing: "Visit the YUMA'S Store" (ASIN: B0F7NFXDV1) -> Cleaned: "YUMA'S"
[2026-06-22T16:18:47.096Z]   [Dry-Run] Would search and enrich contact for "YUMA'S"
[2026-06-22T16:18:47.096Z] [259/782] Processing: "Visit the BARK&SPARK Store" (ASIN: B09ZPKD4PF) -> Cleaned: "BARK&SPARK"
[2026-06-22T16:18:47.096Z]   [Dry-Run] Would search and enrich contact for "BARK&SPARK"
[2026-06-22T16:18:47.096Z] [260/782] Processing: "Visit the STRELLALAB Store" (ASIN: B08Y744PSV) -> Cleaned: "STRELLALAB"
[2026-06-22T16:18:47.096Z]   [Dry-Run] Would search and enrich contact for "STRELLALAB"
[2026-06-22T16:18:47.096Z] [261/782] Processing: "Visit the UKLASH Store" (ASIN: B07QSVTVRD) -> Cleaned: "UKLASH"
[2026-06-22T16:18:47.096Z]   [Dry-Run] Would search and enrich contact for "UKLASH"
[2026-06-22T16:18:47.096Z] [262/782] Processing: "Visit the Native Pet Store" (ASIN: B0DJMXFMW6) -> Cleaned: "Native Pet"
[2026-06-22T16:18:47.096Z]   [Dry-Run] Would search and enrich contact for "Native Pet"
[2026-06-22T16:18:47.096Z] [263/782] Processing: "Visit the PRIME PROMETICS Store" (ASIN: B0BH7X8X2F) -> Cleaned: "PRIME PROMETICS"
[2026-06-22T16:18:47.096Z]   [Dry-Run] Would search and enrich contact for "PRIME PROMETICS"
[2026-06-22T16:18:47.096Z] [264/782] Processing: "Visit the LOLX Store" (ASIN: B0GYWLNLVL) -> Cleaned: "LOLX"
[2026-06-22T16:18:47.097Z]   [Dry-Run] Would search and enrich contact for "LOLX"
[2026-06-22T16:18:47.097Z] [265/782] Processing: "Visit the Kosmea Store" (ASIN: B003ISNXW8) -> Cleaned: "Kosmea"
[2026-06-22T16:18:47.097Z]   [Dry-Run] Would search and enrich contact for "Kosmea"
[2026-06-22T16:18:47.097Z] [266/782] Processing: "Visit the DoSensePro Store" (ASIN: B07H3317K8) -> Cleaned: "DoSensePro"
[2026-06-22T16:18:47.097Z]   [Dry-Run] Would search and enrich contact for "DoSensePro"
[2026-06-22T16:18:47.097Z] [267/782] Processing: "Brand: LASSO TALLOW" (ASIN: B0FTTJYS7H) -> Cleaned: "LASSO TALLOW"
[2026-06-22T16:18:47.097Z]   [Dry-Run] Would search and enrich contact for "LASSO TALLOW"
[2026-06-22T16:18:47.097Z] [268/782] Processing: "Visit the ROYAL CANIN Store" (ASIN: B0DZD89MHM) -> Cleaned: "ROYAL CANIN"
[2026-06-22T16:18:47.097Z]   [Dry-Run] Would search and enrich contact for "ROYAL CANIN"
[2026-06-22T16:18:47.097Z] [269/782] Processing: "Visit the Yoken Store" (ASIN: B0F93RBCBY) -> Cleaned: "Yoken"
[2026-06-22T16:18:47.097Z]   [Dry-Run] Would search and enrich contact for "Yoken"
[2026-06-22T16:18:47.097Z] [270/782] Processing: "Visit the COSRX Store" (ASIN: B0D66RLZHZ) -> Cleaned: "COSRX"
[2026-06-22T16:18:47.097Z]   [Dry-Run] Would search and enrich contact for "COSRX"
[2026-06-22T16:18:47.097Z] [271/782] Processing: "Visit the VGO Store" (ASIN: B0CMQKMRLP) -> Cleaned: "VGO"
[2026-06-22T16:18:47.097Z]   [Dry-Run] Would search and enrich contact for "VGO"
[2026-06-22T16:18:47.097Z] [272/782] Processing: "Visit the DERMALOGY by NEOGENLAB Store" (ASIN: B0B8MVX1PS) -> Cleaned: "DERMALOGY by NEOGENLAB"
[2026-06-22T16:18:47.097Z]   [Dry-Run] Would search and enrich contact for "DERMALOGY by NEOGENLAB"
[2026-06-22T16:18:47.097Z] [273/782] Processing: "Visit the Etta Vita Store" (ASIN: B0F43TCK2T) -> Cleaned: "Etta Vita"
[2026-06-22T16:18:47.097Z]   [Dry-Run] Would search and enrich contact for "Etta Vita"
[2026-06-22T16:18:47.097Z] [274/782] Processing: "Visit the LetaGreen Store" (ASIN: B0CB73GHV6) -> Cleaned: "LetaGreen"
[2026-06-22T16:18:47.097Z]   [Dry-Run] Would search and enrich contact for "LetaGreen"
[2026-06-22T16:18:47.097Z] [275/782] Processing: "Visit the AESTURA Store" (ASIN: B0DSDHY1MR) -> Cleaned: "AESTURA"
[2026-06-22T16:18:47.097Z]   [Dry-Run] Would search and enrich contact for "AESTURA"
[2026-06-22T16:18:47.098Z] [276/782] Processing: "Visit the SoulShell Store" (ASIN: B088VFZJL6) -> Cleaned: "SoulShell"
[2026-06-22T16:18:47.098Z]   [Dry-Run] Would search and enrich contact for "SoulShell"
[2026-06-22T16:18:47.098Z] [277/782] Processing: "Visit the CHEWIA Store" (ASIN: B0FS1XGKZ6) -> Cleaned: "CHEWIA"
[2026-06-22T16:18:47.098Z]   [Dry-Run] Would search and enrich contact for "CHEWIA"
[2026-06-22T16:18:47.098Z] [278/782] Processing: "Visit the Organics Ocean Store" (ASIN: B0FH616DNQ) -> Cleaned: "Organics Ocean"
[2026-06-22T16:18:47.098Z]   [Dry-Run] Would search and enrich contact for "Organics Ocean"
[2026-06-22T16:18:47.098Z] [279/782] Processing: "Uheco" (ASIN: B0DKGBMNVY) -> Cleaned: "Uheco"
[2026-06-22T16:18:47.098Z]   [Dry-Run] Would search and enrich contact for "Uheco"
[2026-06-22T16:18:47.098Z] [280/782] Processing: "Visit the pawTree Store" (ASIN: B09RYYWHH1) -> Cleaned: "pawTree"
[2026-06-22T16:18:47.099Z]   [Dry-Run] Would search and enrich contact for "pawTree"
[2026-06-22T16:18:47.099Z] [281/782] Processing: "Visit the Lodge Store" (ASIN: B0BFBRNN91) -> Cleaned: "Lodge"
[2026-06-22T16:18:47.099Z]   [Dry-Run] Would search and enrich contact for "Lodge"
[2026-06-22T16:18:47.099Z] [282/782] Processing: "Visit the Recuren Plus Store" (ASIN: B0GMWQLH2K) -> Cleaned: "Recuren Plus"
[2026-06-22T16:18:47.099Z]   [Dry-Run] Would search and enrich contact for "Recuren Plus"
[2026-06-22T16:18:47.099Z] [283/782] Processing: "HUYEHF" (ASIN: B0DR18Q7W8) -> Cleaned: "HUYEHF"
[2026-06-22T16:18:47.099Z]   [Dry-Run] Would search and enrich contact for "HUYEHF"
[2026-06-22T16:18:47.099Z] [284/782] Processing: "THORNE" (ASIN: B0F5XYHRPV) -> Cleaned: "THORNE"
[2026-06-22T16:18:47.099Z]   [Dry-Run] Would search and enrich contact for "THORNE"
[2026-06-22T16:18:47.099Z] [285/782] Processing: "Nature Made" (ASIN: B0000DJAQU) -> Cleaned: "Nature Made"
[2026-06-22T16:18:47.099Z]   [Dry-Run] Would search and enrich contact for "Nature Made"
[2026-06-22T16:18:47.099Z] [286/782] Processing: "Nature's Bounty" (ASIN: B08YLTCDTN) -> Cleaned: "Nature's Bounty"
[2026-06-22T16:18:47.099Z]   [Dry-Run] Would search and enrich contact for "Nature's Bounty"
[2026-06-22T16:18:47.099Z] [287/782] Processing: "AZO" (ASIN: B004RR1FF6) -> Cleaned: "AZO"
[2026-06-22T16:18:47.100Z]   [Dry-Run] Would search and enrich contact for "AZO"
[2026-06-22T16:18:47.100Z] [288/782] Processing: "Optimum Nutrition" (ASIN: B002DYIZEO) -> Cleaned: "Optimum Nutrition"
[2026-06-22T16:18:47.100Z]   [Dry-Run] Would search and enrich contact for "Optimum Nutrition"
[2026-06-22T16:18:47.100Z] [289/782] Processing: "Visit the goPure Store" (ASIN: B0CGF4HKLR) -> Cleaned: "goPure"
[2026-06-22T16:18:47.100Z]   [Dry-Run] Would search and enrich contact for "goPure"
[2026-06-22T16:18:47.100Z] [290/782] Processing: "Force Factor" (ASIN: B0FWV6LC4B) -> Cleaned: "Force Factor"
[2026-06-22T16:18:47.100Z]   [Dry-Run] Would search and enrich contact for "Force Factor"
[2026-06-22T16:18:47.100Z] [291/782] Processing: "Visit the NativePath Store" (ASIN: B0CCXFCR88) -> Cleaned: "NativePath"
[2026-06-22T16:18:47.100Z]   [Dry-Run] Would search and enrich contact for "NativePath"
[2026-06-22T16:18:47.100Z] [292/782] Processing: "NOW Foods" (ASIN: B005P0XUAM) -> Cleaned: "NOW Foods"
[2026-06-22T16:18:47.100Z]   [Dry-Run] Would search and enrich contact for "NOW Foods"
[2026-06-22T16:18:47.100Z] [293/782] Processing: "Micro Ingredients" (ASIN: B0DK6596L8) -> Cleaned: "Micro Ingredients"
[2026-06-22T16:18:47.100Z]   [Dry-Run] Would search and enrich contact for "Micro Ingredients"
[2026-06-22T16:18:47.100Z] [294/782] Processing: "Transparent Labs" (ASIN: B078JZQ5QL) -> Cleaned: "Transparent Labs"
[2026-06-22T16:18:47.100Z]   [Dry-Run] Would search and enrich contact for "Transparent Labs"
[2026-06-22T16:18:47.100Z] [295/782] Processing: "Visit the VERA MOORE COSMETICS AND SKIN CARE Store" (ASIN: B0DB2D7YWN) -> Cleaned: "VERA MOORE COSMETICS AND SKIN CARE"
[2026-06-22T16:18:47.100Z]   [Dry-Run] Would search and enrich contact for "VERA MOORE COSMETICS AND SKIN CARE"
[2026-06-22T16:18:47.100Z] [296/782] Processing: "OLLY" (ASIN: B0B1JSC2SF) -> Cleaned: "OLLY"
[2026-06-22T16:18:47.100Z]   [Dry-Run] Would search and enrich contact for "OLLY"
[2026-06-22T16:18:47.100Z] [297/782] Processing: "Visit the NEW AGE Store" (ASIN: B0868VGJJ2) -> Cleaned: "NEW AGE"
[2026-06-22T16:18:47.100Z]   [Dry-Run] Would search and enrich contact for "NEW AGE"
[2026-06-22T16:18:47.100Z] [298/782] Processing: "Visit the Brandefy Store" (ASIN: B0DSLNGG2Z) -> Cleaned: "Brandefy"
[2026-06-22T16:18:47.101Z]   [Dry-Run] Would search and enrich contact for "Brandefy"
[2026-06-22T16:18:47.101Z] [299/782] Processing: "Force Factor" (ASIN: B0CQ3V2PZW) -> Cleaned: "Force Factor"
[2026-06-22T16:18:47.101Z]   [Dry-Run] Would search and enrich contact for "Force Factor"
[2026-06-22T16:18:47.101Z] [300/782] Processing: "Visit the NOW Foods Store" (ASIN: B0DZ7MF392) -> Cleaned: "NOW Foods"
[2026-06-22T16:18:47.101Z]   [Dry-Run] Would search and enrich contact for "NOW Foods"
[2026-06-22T16:18:47.101Z] [301/782] Processing: "Visit the Animal Store" (ASIN: B0BHKZ7LPQ) -> Cleaned: "Animal"
[2026-06-22T16:18:47.101Z]   [Dry-Run] Would search and enrich contact for "Animal"
[2026-06-22T16:18:47.101Z] [302/782] Processing: "Visit the CEALMU CORE Store" (ASIN: B0DBLHXG3Z) -> Cleaned: "CEALMU CORE"
[2026-06-22T16:18:47.101Z]   [Dry-Run] Would search and enrich contact for "CEALMU CORE"
[2026-06-22T16:18:47.101Z] [303/782] Processing: "Natures Craft" (ASIN: B0154O5FYC) -> Cleaned: "Natures Craft"
[2026-06-22T16:18:47.101Z]   [Dry-Run] Would search and enrich contact for "Natures Craft"
[2026-06-22T16:18:47.101Z] [304/782] Processing: "Visit the Commercial CHEF Store" (ASIN: B07FM884JR) -> Cleaned: "Commercial CHEF"
[2026-06-22T16:18:47.101Z]   [Dry-Run] Would search and enrich contact for "Commercial CHEF"
[2026-06-22T16:18:47.101Z] [305/782] Processing: "Visit the Micro Ingredients Store" (ASIN: B0DLLLZD5K) -> Cleaned: "Micro Ingredients"
[2026-06-22T16:18:47.101Z]   [Dry-Run] Would search and enrich contact for "Micro Ingredients"
[2026-06-22T16:18:47.101Z] [306/782] Processing: "Visit the BlueBonnet Store" (ASIN: B0848F669W) -> Cleaned: "BlueBonnet"
[2026-06-22T16:18:47.101Z]   [Dry-Run] Would search and enrich contact for "BlueBonnet"
[2026-06-22T16:18:47.101Z] [307/782] Processing: "Brand: Cevitol" (ASIN: B0F6YMQPTF) -> Cleaned: "Cevitol"
[2026-06-22T16:18:47.101Z]   [Dry-Run] Would search and enrich contact for "Cevitol"
[2026-06-22T16:18:47.101Z] [308/782] Processing: "Visit the Torhop Store" (ASIN: B0D41GPZSY) -> Cleaned: "Torhop"
[2026-06-22T16:18:47.101Z]   [Dry-Run] Would search and enrich contact for "Torhop"
[2026-06-22T16:18:47.101Z] [309/782] Processing: "Visit the JSHealth Store" (ASIN: B0D55BB452) -> Cleaned: "JSHealth"
[2026-06-22T16:18:47.101Z]   [Dry-Run] Would search and enrich contact for "JSHealth"
[2026-06-22T16:18:47.101Z] [310/782] Processing: "Visit the Maple Holistics Store" (ASIN: B0BW78TN8N) -> Cleaned: "Maple Holistics"
[2026-06-22T16:18:47.102Z]   [Dry-Run] Would search and enrich contact for "Maple Holistics"
[2026-06-22T16:18:47.102Z] [311/782] Processing: "Nature's Bounty" (ASIN: B002BXAMJS) -> Cleaned: "Nature's Bounty"
[2026-06-22T16:18:47.102Z]   [Dry-Run] Would search and enrich contact for "Nature's Bounty"
[2026-06-22T16:18:47.102Z] [312/782] Processing: "Visit the Designs for Health Store" (ASIN: B07G4KT75S) -> Cleaned: "Designs for Health"
[2026-06-22T16:18:47.102Z]   [Dry-Run] Would search and enrich contact for "Designs for Health"
[2026-06-22T16:18:47.102Z] [313/782] Processing: "Visit the Healthy Bones Co. Store" (ASIN: B0D9ZTNZLR) -> Cleaned: "Healthy Bones Co."
[2026-06-22T16:18:47.102Z]   [Dry-Run] Would search and enrich contact for "Healthy Bones Co."
[2026-06-22T16:18:47.102Z] [314/782] Processing: "Visit the ZEBORA Store" (ASIN: B0CRL28RM2) -> Cleaned: "ZEBORA"
[2026-06-22T16:18:47.102Z]   [Dry-Run] Would search and enrich contact for "ZEBORA"
[2026-06-22T16:18:47.102Z] [315/782] Processing: "Visit the NAKED Store" (ASIN: B07H5SLML1) -> Cleaned: "NAKED"
[2026-06-22T16:18:47.102Z]   [Dry-Run] Would search and enrich contact for "NAKED"
[2026-06-22T16:18:47.102Z] [316/782] Processing: "(unknown)" (ASIN: B0G42XZCXP) -> Cleaned: "(unknown)"
[2026-06-22T16:18:47.102Z]   [Dry-Run] Would search and enrich contact for "(unknown)"
[2026-06-22T16:18:47.102Z] [317/782] Processing: "Visit the Peak Revival-X Store" (ASIN: B0D365RMRZ) -> Cleaned: "Peak Revival-X"
[2026-06-22T16:18:47.102Z]   [Dry-Run] Would search and enrich contact for "Peak Revival-X"
[2026-06-22T16:18:47.102Z] [318/782] Processing: "O Positiv" (ASIN: B0D5FZGY8W) -> Cleaned: "O Positiv"
[2026-06-22T16:18:47.102Z]   [Dry-Run] Would search and enrich contact for "O Positiv"
[2026-06-22T16:18:47.102Z] [319/782] Processing: "Visit the Jarrow Formulas Store" (ASIN: B007LEO626) -> Cleaned: "Jarrow Formulas"
[2026-06-22T16:18:47.102Z]   [Dry-Run] Would search and enrich contact for "Jarrow Formulas"
[2026-06-22T16:18:47.102Z] [320/782] Processing: "Brand: Noveread" (ASIN: B0CLYD6CNP) -> Cleaned: "Noveread"
[2026-06-22T16:18:47.102Z]   [Dry-Run] Would search and enrich contact for "Noveread"
[2026-06-22T16:18:47.102Z] [321/782] Processing: "Visit the Pure Encapsulations Store" (ASIN: B074R3KVY8) -> Cleaned: "Pure Encapsulations"
[2026-06-22T16:18:47.102Z]   [Dry-Run] Would search and enrich contact for "Pure Encapsulations"
[2026-06-22T16:18:47.102Z] [322/782] Processing: "Sports Research" (ASIN: B00TXY32FY) -> Cleaned: "Sports Research"
[2026-06-22T16:18:47.102Z]   [Dry-Run] Would search and enrich contact for "Sports Research"
[2026-06-22T16:18:47.102Z] [323/782] Processing: "Visit the MK Supplements Store" (ASIN: B09D6PKN2B) -> Cleaned: "MK Supplements"
[2026-06-22T16:18:47.102Z]   [Dry-Run] Would search and enrich contact for "MK Supplements"
[2026-06-22T16:18:47.102Z] [324/782] Processing: "Visit the Celebrate Bariatric Supplements Store" (ASIN: B0DKGWRRSM) -> Cleaned: "Celebrate Bariatric Supplements"
[2026-06-22T16:18:47.103Z]   [Dry-Run] Would search and enrich contact for "Celebrate Bariatric Supplements"
[2026-06-22T16:18:47.103Z] [325/782] Processing: "Visit the Black Girl Vitamins Store" (ASIN: B0D2PSNFYT) -> Cleaned: "Black Girl Vitamins"
[2026-06-22T16:18:47.103Z]   [Dry-Run] Would search and enrich contact for "Black Girl Vitamins"
[2026-06-22T16:18:47.103Z] [326/782] Processing: "Visit the Mighty Cricket Store" (ASIN: B09SBW3GN9) -> Cleaned: "Mighty Cricket"
[2026-06-22T16:18:47.103Z]   [Dry-Run] Would search and enrich contact for "Mighty Cricket"
[2026-06-22T16:18:47.103Z] [327/782] Processing: "Visit the Gainful Store" (ASIN: B0DZ9SXC3Q) -> Cleaned: "Gainful"
[2026-06-22T16:18:47.103Z]   [Dry-Run] Would search and enrich contact for "Gainful"
[2026-06-22T16:18:47.103Z] [328/782] Processing: "Vimerson Health" (ASIN: B01GVJK3XW) -> Cleaned: "Vimerson Health"
[2026-06-22T16:18:47.103Z]   [Dry-Run] Would search and enrich contact for "Vimerson Health"
[2026-06-22T16:18:47.103Z] [329/782] Processing: "Visit the Beverly International Store" (ASIN: B0013OSC4I) -> Cleaned: "Beverly International"
[2026-06-22T16:18:47.103Z]   [Dry-Run] Would search and enrich contact for "Beverly International"
[2026-06-22T16:18:47.103Z] [330/782] Processing: "Visit the PAYÉ Store" (ASIN: B0D2F4XK47) -> Cleaned: "PAYÉ"
[2026-06-22T16:18:47.103Z]   [Dry-Run] Would search and enrich contact for "PAYÉ"
[2026-06-22T16:18:47.103Z] [331/782] Processing: "Visit the Almond Clear Store" (ASIN: B0866B6CV1) -> Cleaned: "Almond Clear"
[2026-06-22T16:18:47.103Z]   [Dry-Run] Would search and enrich contact for "Almond Clear"
[2026-06-22T16:18:47.103Z] [332/782] Processing: "Visit the Momentous Store" (ASIN: B085Z9P87K) -> Cleaned: "Momentous"
[2026-06-22T16:18:47.103Z]   [Dry-Run] Would search and enrich contact for "Momentous"
[2026-06-22T16:18:47.103Z] [333/782] Processing: "Visit the Wellness Heavens Store" (ASIN: B0D3HWHD4M) -> Cleaned: "Wellness Heavens"
[2026-06-22T16:18:47.103Z]   [Dry-Run] Would search and enrich contact for "Wellness Heavens"
[2026-06-22T16:18:47.103Z] [334/782] Processing: "Visit the Farmaesthetics Store" (ASIN: B000CEDPIS) -> Cleaned: "Farmaesthetics"
[2026-06-22T16:18:47.103Z]   [Dry-Run] Would search and enrich contact for "Farmaesthetics"
[2026-06-22T16:18:47.103Z] [335/782] Processing: "Visit the Jackfir Store" (ASIN: B0CDNLL29T) -> Cleaned: "Jackfir"
[2026-06-22T16:18:47.103Z]   [Dry-Run] Would search and enrich contact for "Jackfir"
[2026-06-22T16:18:47.103Z] [336/782] Processing: "Sports Research" (ASIN: B0D3VPJTMJ) -> Cleaned: "Sports Research"
[2026-06-22T16:18:47.103Z]   [Dry-Run] Would search and enrich contact for "Sports Research"
[2026-06-22T16:18:47.103Z] [337/782] Processing: "Visit the Dr. Brandt Skincare Store" (ASIN: B06XTZNWKR) -> Cleaned: "Dr. Brandt Skincare"
[2026-06-22T16:18:47.103Z]   [Dry-Run] Would search and enrich contact for "Dr. Brandt Skincare"
[2026-06-22T16:18:47.103Z] [338/782] Processing: "Brand: DM Merchandising" (ASIN: B00CXK3X8Q) -> Cleaned: "DM Merchandising"
[2026-06-22T16:18:47.103Z]   [Dry-Run] Would search and enrich contact for "DM Merchandising"
[2026-06-22T16:18:47.103Z] [339/782] Processing: "Visit the RSP NUTRITION Store" (ASIN: B07FTTGM6N) -> Cleaned: "RSP NUTRITION"
[2026-06-22T16:18:47.104Z]   [Dry-Run] Would search and enrich contact for "RSP NUTRITION"
[2026-06-22T16:18:47.104Z] [340/782] Processing: "BARE PERFORMANCE NUTRITION" (ASIN: B07M5M5B3S) -> Cleaned: "BARE PERFORMANCE NUTRITION"
[2026-06-22T16:18:47.104Z]   [Dry-Run] Would search and enrich contact for "BARE PERFORMANCE NUTRITION"
[2026-06-22T16:18:47.104Z] [341/782] Processing: "Visit the Timeless Skin Care Store" (ASIN: B0CBCXGF65) -> Cleaned: "Timeless Skin Care"
[2026-06-22T16:18:47.104Z]   [Dry-Run] Would search and enrich contact for "Timeless Skin Care"
[2026-06-22T16:18:47.104Z] [342/782] Processing: "Visit the Cielo Store" (ASIN: B0CW3PPQBR) -> Cleaned: "Cielo"
[2026-06-22T16:18:47.104Z]   [Dry-Run] Would search and enrich contact for "Cielo"
[2026-06-22T16:18:47.104Z] [343/782] Processing: "Visit the XYMOGEN Store" (ASIN: B0BHZW6XYY) -> Cleaned: "XYMOGEN"
[2026-06-22T16:18:47.104Z]   [Dry-Run] Would search and enrich contact for "XYMOGEN"
[2026-06-22T16:18:47.104Z] [344/782] Processing: "Visit the OH NORMAN! Store" (ASIN: B0D2FZN86F) -> Cleaned: "OH NORMAN!"
[2026-06-22T16:18:47.104Z]   [Dry-Run] Would search and enrich contact for "OH NORMAN!"
[2026-06-22T16:18:47.104Z] [345/782] Processing: "Visit the No7 Store" (ASIN: B09JGLT4DB) -> Cleaned: "No7"
[2026-06-22T16:18:47.104Z]   [Dry-Run] Would search and enrich contact for "No7"
[2026-06-22T16:18:47.104Z] [346/782] Processing: "Visit the BUCKLEBURY Store" (ASIN: B0CNY9J3WT) -> Cleaned: "BUCKLEBURY"
[2026-06-22T16:18:47.104Z]   [Dry-Run] Would search and enrich contact for "BUCKLEBURY"
[2026-06-22T16:18:47.104Z] [347/782] Processing: "(unknown)" (ASIN: B0DT2H8GLD) -> Cleaned: "(unknown)"
[2026-06-22T16:18:47.104Z]   [Dry-Run] Would search and enrich contact for "(unknown)"
[2026-06-22T16:18:47.104Z] [348/782] Processing: "Visit the Wildling Store" (ASIN: B09V8FL2PF) -> Cleaned: "Wildling"
[2026-06-22T16:18:47.104Z]   [Dry-Run] Would search and enrich contact for "Wildling"
[2026-06-22T16:18:47.104Z] [349/782] Processing: "Brand: Glow Elixir" (ASIN: B0F24ZKNY5) -> Cleaned: "Glow Elixir"
[2026-06-22T16:18:47.104Z]   [Dry-Run] Would search and enrich contact for "Glow Elixir"
[2026-06-22T16:18:47.104Z] [350/782] Processing: "Sports Research" (ASIN: B0G4XN31BL) -> Cleaned: "Sports Research"
[2026-06-22T16:18:47.104Z]   [Dry-Run] Would search and enrich contact for "Sports Research"
[2026-06-22T16:18:47.104Z] [351/782] Processing: "Brand: Generic" (ASIN: B0CZPNX2TN) -> Cleaned: "Generic"
[2026-06-22T16:18:47.104Z]   [Dry-Run] Would search and enrich contact for "Generic"
[2026-06-22T16:18:47.104Z] [352/782] Processing: "Brand: Clean Beauty" (ASIN: B0D72PYL7Z) -> Cleaned: "Clean Beauty"
[2026-06-22T16:18:47.104Z]   [Dry-Run] Would search and enrich contact for "Clean Beauty"
[2026-06-22T16:18:47.104Z] [353/782] Processing: "Visit the NEVISS Store" (ASIN: B0CXM73KFT) -> Cleaned: "NEVISS"
[2026-06-22T16:18:47.104Z]   [Dry-Run] Would search and enrich contact for "NEVISS"
[2026-06-22T16:18:47.104Z] [354/782] Processing: "Visit the Squigs Store" (ASIN: B0BTMWNWWX) -> Cleaned: "Squigs"
[2026-06-22T16:18:47.104Z]   [Dry-Run] Would search and enrich contact for "Squigs"
[2026-06-22T16:18:47.105Z] [355/782] Processing: "Visit the Vitamin World Store" (ASIN: B0787WRVXK) -> Cleaned: "Vitamin World"
[2026-06-22T16:18:47.105Z]   [Dry-Run] Would search and enrich contact for "Vitamin World"
[2026-06-22T16:18:47.105Z] [356/782] Processing: "Visit the Sambucol Store" (ASIN: B09PM8GFQJ) -> Cleaned: "Sambucol"
[2026-06-22T16:18:47.105Z]   [Dry-Run] Would search and enrich contact for "Sambucol"
[2026-06-22T16:18:47.105Z] [357/782] Processing: "SOLARAY" (ASIN: B0CD2XQGFH) -> Cleaned: "SOLARAY"
[2026-06-22T16:18:47.105Z]   [Dry-Run] Would search and enrich contact for "SOLARAY"
[2026-06-22T16:18:47.105Z] [358/782] Processing: "Brand: AMALIA" (ASIN: B0F8PDG3DL) -> Cleaned: "AMALIA"
[2026-06-22T16:18:47.105Z]   [Dry-Run] Would search and enrich contact for "AMALIA"
[2026-06-22T16:18:47.105Z] [359/782] Processing: "Visit the SFI Health Store" (ASIN: B001PYZBRM) -> Cleaned: "SFI Health"
[2026-06-22T16:18:47.105Z]   [Dry-Run] Would search and enrich contact for "SFI Health"
[2026-06-22T16:18:47.105Z] [360/782] Processing: "Visit the Rollga Store" (ASIN: B019F2V1BK) -> Cleaned: "Rollga"
[2026-06-22T16:18:47.105Z]   [Dry-Run] Would search and enrich contact for "Rollga"
[2026-06-22T16:18:47.105Z] [361/782] Processing: "Visit the Nuuvo Store" (ASIN: B075ZFG9TM) -> Cleaned: "Nuuvo"
[2026-06-22T16:18:47.105Z]   [Dry-Run] Would search and enrich contact for "Nuuvo"
[2026-06-22T16:18:47.105Z] [362/782] Processing: "Brand: Toniiq" (ASIN: B07X4B7QFM) -> Cleaned: "Toniiq"
[2026-06-22T16:18:47.105Z]   [Dry-Run] Would search and enrich contact for "Toniiq"
[2026-06-22T16:18:47.105Z] [363/782] Processing: "Visit the Krightlink Store" (ASIN: B0D4GXX9VS) -> Cleaned: "Krightlink"
[2026-06-22T16:18:47.105Z]   [Dry-Run] Would search and enrich contact for "Krightlink"
[2026-06-22T16:18:47.105Z] [364/782] Processing: "Visit the Live Conscious Store" (ASIN: B0CKGF723Q) -> Cleaned: "Live Conscious"
[2026-06-22T16:18:47.105Z]   [Dry-Run] Would search and enrich contact for "Live Conscious"
[2026-06-22T16:18:47.105Z] [365/782] Processing: "Visit the celimax Store" (ASIN: B0CGJD3GV1) -> Cleaned: "celimax"
[2026-06-22T16:18:47.105Z]   [Dry-Run] Would search and enrich contact for "celimax"
[2026-06-22T16:18:47.105Z] [366/782] Processing: "Brand: Dr. Loretta" (ASIN: B07GPQWR33) -> Cleaned: "Dr. Loretta"
[2026-06-22T16:18:47.106Z]   [Dry-Run] Would search and enrich contact for "Dr. Loretta"
[2026-06-22T16:18:47.106Z] [367/782] Processing: "Visit the AFXMATE Store" (ASIN: B098KWQ56M) -> Cleaned: "AFXMATE"
[2026-06-22T16:18:47.106Z]   [Dry-Run] Would search and enrich contact for "AFXMATE"
[2026-06-22T16:18:47.106Z] [368/782] Processing: "Visit the LeVaye' Store" (ASIN: B0DNNKMLPS) -> Cleaned: "LeVaye'"
[2026-06-22T16:18:47.106Z]   [Dry-Run] Would search and enrich contact for "LeVaye'"
[2026-06-22T16:18:47.106Z] [369/782] Processing: "Visit the Vitamin Bounty Store" (ASIN: B07L22DMQN) -> Cleaned: "Vitamin Bounty"
[2026-06-22T16:18:47.106Z]   [Dry-Run] Would search and enrich contact for "Vitamin Bounty"
[2026-06-22T16:18:47.106Z] [370/782] Processing: "Visit the Osmia Store" (ASIN: B0B9NXNB7K) -> Cleaned: "Osmia"
[2026-06-22T16:18:47.106Z]   [Dry-Run] Would search and enrich contact for "Osmia"
[2026-06-22T16:18:47.106Z] [371/782] Processing: "Visit the Florastor Store" (ASIN: B06Y3DW6XW) -> Cleaned: "Florastor"
[2026-06-22T16:18:47.106Z]   [Dry-Run] Would search and enrich contact for "Florastor"
[2026-06-22T16:18:47.106Z] [372/782] Processing: "Visit the Supergut Store" (ASIN: B0F8LG2MWM) -> Cleaned: "Supergut"
[2026-06-22T16:18:47.106Z]   [Dry-Run] Would search and enrich contact for "Supergut"
[2026-06-22T16:18:47.106Z] [373/782] Processing: "Visit the Rollga Store" (ASIN: B019F42TBY) -> Cleaned: "Rollga"
[2026-06-22T16:18:47.106Z]   [Dry-Run] Would search and enrich contact for "Rollga"
[2026-06-22T16:18:47.106Z] [374/782] Processing: "Brand: Knotty" (ASIN: B0F72TKXB5) -> Cleaned: "Knotty"
[2026-06-22T16:18:47.106Z]   [Dry-Run] Would search and enrich contact for "Knotty"
[2026-06-22T16:18:47.106Z] [375/782] Processing: "Visit the Garden of Herbz Store" (ASIN: B0CQJCD8NX) -> Cleaned: "Garden of Herbz"
[2026-06-22T16:18:47.106Z]   [Dry-Run] Would search and enrich contact for "Garden of Herbz"
[2026-06-22T16:18:47.106Z] [376/782] Processing: "Visit the WOOF Store" (ASIN: B0CJ9YN952) -> Cleaned: "WOOF"
[2026-06-22T16:18:47.106Z]   [Dry-Run] Would search and enrich contact for "WOOF"
[2026-06-22T16:18:47.106Z] [377/782] Processing: "Visit the VEGREEN Store" (ASIN: B08PF74CTC) -> Cleaned: "VEGREEN"
[2026-06-22T16:18:47.106Z]   [Dry-Run] Would search and enrich contact for "VEGREEN"
[2026-06-22T16:18:47.106Z] [378/782] Processing: "Brand: TEYAOE" (ASIN: B0FX2BJJMP) -> Cleaned: "TEYAOE"
[2026-06-22T16:18:47.106Z]   [Dry-Run] Would search and enrich contact for "TEYAOE"
[2026-06-22T16:18:47.106Z] [379/782] Processing: "Visit the Dr. Berg Nutritionals Store" (ASIN: B0DGQQR42L) -> Cleaned: "Dr. Berg Nutritionals"
[2026-06-22T16:18:47.106Z]   [Dry-Run] Would search and enrich contact for "Dr. Berg Nutritionals"
[2026-06-22T16:18:47.106Z] [380/782] Processing: "Visit the NOW Foods Store" (ASIN: B004AC0676) -> Cleaned: "NOW Foods"
[2026-06-22T16:18:47.106Z]   [Dry-Run] Would search and enrich contact for "NOW Foods"
[2026-06-22T16:18:47.106Z] [381/782] Processing: "Visit the Earth Harmony Naturals Store" (ASIN: B0BBH4RF7R) -> Cleaned: "Earth Harmony Naturals"
[2026-06-22T16:18:47.106Z]   [Dry-Run] Would search and enrich contact for "Earth Harmony Naturals"
[2026-06-22T16:18:47.106Z] [382/782] Processing: "Visit the Naturium Store" (ASIN: B0949V2SN2) -> Cleaned: "Naturium"
[2026-06-22T16:18:47.106Z]   [Dry-Run] Would search and enrich contact for "Naturium"
[2026-06-22T16:18:47.106Z] [383/782] Processing: "Visit the WSI Sportswear Store" (ASIN: B00M4339JK) -> Cleaned: "WSI Sportswear"
[2026-06-22T16:18:47.107Z]   [Dry-Run] Would search and enrich contact for "WSI Sportswear"
[2026-06-22T16:18:47.107Z] [384/782] Processing: "Brand: Toniiq" (ASIN: B0BX48S53M) -> Cleaned: "Toniiq"
[2026-06-22T16:18:47.107Z]   [Dry-Run] Would search and enrich contact for "Toniiq"
[2026-06-22T16:18:47.107Z] [385/782] Processing: "Visit the Wuffes Store" (ASIN: B0DLXFPH52) -> Cleaned: "Wuffes"
[2026-06-22T16:18:47.107Z]   [Dry-Run] Would search and enrich contact for "Wuffes"
[2026-06-22T16:18:47.107Z] [386/782] Processing: "Visit the ANDREW LESSMAN Store" (ASIN: B08DL5FY1Y) -> Cleaned: "ANDREW LESSMAN"
[2026-06-22T16:18:47.107Z]   [Dry-Run] Would search and enrich contact for "ANDREW LESSMAN"
[2026-06-22T16:18:47.107Z] [387/782] Processing: "Brand: Orelo" (ASIN: B0DVFQWHLJ) -> Cleaned: "Orelo"
[2026-06-22T16:18:47.107Z]   [Dry-Run] Would search and enrich contact for "Orelo"
[2026-06-22T16:18:47.107Z] [388/782] Processing: "Visit the Vylarithonixa Store" (ASIN: B0DSBBBKPR) -> Cleaned: "Vylarithonixa"
[2026-06-22T16:18:47.107Z]   [Dry-Run] Would search and enrich contact for "Vylarithonixa"
[2026-06-22T16:18:47.107Z] [389/782] Processing: "Visit the Pattern Wellness Store" (ASIN: B0CGK94B9L) -> Cleaned: "Pattern Wellness"
[2026-06-22T16:18:47.107Z]   [Dry-Run] Would search and enrich contact for "Pattern Wellness"
[2026-06-22T16:18:47.107Z] [390/782] Processing: "Visit the OM MUSHROOM SUPERFOOD Store" (ASIN: B08DK3XC9D) -> Cleaned: "OM MUSHROOM SUPERFOOD"
[2026-06-22T16:18:47.107Z]   [Dry-Run] Would search and enrich contact for "OM MUSHROOM SUPERFOOD"
[2026-06-22T16:18:47.107Z] [391/782] Processing: "Visit the Nutrition Restore Store" (ASIN: B0DJ3L3NLH) -> Cleaned: "Nutrition Restore"
[2026-06-22T16:18:47.107Z]   [Dry-Run] Would search and enrich contact for "Nutrition Restore"
[2026-06-22T16:18:47.107Z] [392/782] Processing: "Visit the Designs for Health Store" (ASIN: B07CLJZ92F) -> Cleaned: "Designs for Health"
[2026-06-22T16:18:47.107Z]   [Dry-Run] Would search and enrich contact for "Designs for Health"
[2026-06-22T16:18:47.107Z] [393/782] Processing: "Visit the ZEBORA Store" (ASIN: B0F62VD96R) -> Cleaned: "ZEBORA"
[2026-06-22T16:18:47.108Z]   [Dry-Run] Would search and enrich contact for "ZEBORA"
[2026-06-22T16:18:47.108Z] [394/782] Processing: "Visit the PVL Store" (ASIN: B0C8L96Y3T) -> Cleaned: "PVL"
[2026-06-22T16:18:47.108Z]   [Dry-Run] Would search and enrich contact for "PVL"
[2026-06-22T16:18:47.108Z] [395/782] Processing: "Visit the Type Zero Store" (ASIN: B0C7J8QSYZ) -> Cleaned: "Type Zero"
[2026-06-22T16:18:47.108Z]   [Dry-Run] Would search and enrich contact for "Type Zero"
[2026-06-22T16:18:47.108Z] [396/782] Processing: "Visit the BuddyCheer Store" (ASIN: B0F3XHY3RG) -> Cleaned: "BuddyCheer"
[2026-06-22T16:18:47.108Z]   [Dry-Run] Would search and enrich contact for "BuddyCheer"
[2026-06-22T16:18:47.108Z] [397/782] Processing: "Visit the Integrative Therapeutics Store" (ASIN: B002LANWWK) -> Cleaned: "Integrative Therapeutics"
[2026-06-22T16:18:47.108Z]   [Dry-Run] Would search and enrich contact for "Integrative Therapeutics"
[2026-06-22T16:18:47.108Z] [398/782] Processing: "Visit the Kiinde Store" (ASIN: B00JWX0SL2) -> Cleaned: "Kiinde"
[2026-06-22T16:18:47.108Z]   [Dry-Run] Would search and enrich contact for "Kiinde"
[2026-06-22T16:18:47.108Z] [399/782] Processing: "Visit the Field's Great Store" (ASIN: B0DX8B7Y2Z) -> Cleaned: "Field's Great"
[2026-06-22T16:18:47.108Z]   [Dry-Run] Would search and enrich contact for "Field's Great"
[2026-06-22T16:18:47.108Z] [400/782] Processing: "Visit the Vetnique Store" (ASIN: B0DGMHLQDW) -> Cleaned: "Vetnique"
[2026-06-22T16:18:47.108Z]   [Dry-Run] Would search and enrich contact for "Vetnique"
[2026-06-22T16:18:47.108Z] [401/782] Processing: "Visit the Secret Element Store" (ASIN: B0DTLLSWGS) -> Cleaned: "Secret Element"
[2026-06-22T16:18:47.108Z]   [Dry-Run] Would search and enrich contact for "Secret Element"
[2026-06-22T16:18:47.108Z] [402/782] Processing: "Visit the The Bear And The Rat Store" (ASIN: B0CSPV7X1M) -> Cleaned: "The Bear And The Rat"
[2026-06-22T16:18:47.108Z]   [Dry-Run] Would search and enrich contact for "The Bear And The Rat"
[2026-06-22T16:18:47.108Z] [403/782] Processing: "Visit the Harry Barker Store" (ASIN: B0BLWLVBH2) -> Cleaned: "Harry Barker"
[2026-06-22T16:18:47.108Z]   [Dry-Run] Would search and enrich contact for "Harry Barker"
[2026-06-22T16:18:47.108Z] [404/782] Processing: "Visit the BK BEAUTY Store" (ASIN: B0BWZH1M1W) -> Cleaned: "BK BEAUTY"
[2026-06-22T16:18:47.108Z]   [Dry-Run] Would search and enrich contact for "BK BEAUTY"
[2026-06-22T16:18:47.108Z] [405/782] Processing: "Visit the Atlantic Naturals Store" (ASIN: B0858K4M2Z) -> Cleaned: "Atlantic Naturals"
[2026-06-22T16:18:47.108Z]   [Dry-Run] Would search and enrich contact for "Atlantic Naturals"
[2026-06-22T16:18:47.108Z] [406/782] Processing: "Visit the Piping Rock Store" (ASIN: B0CTKV15RX) -> Cleaned: "Piping Rock"
[2026-06-22T16:18:47.108Z]   [Dry-Run] Would search and enrich contact for "Piping Rock"
[2026-06-22T16:18:47.108Z] [407/782] Processing: "Visit the TRX Store" (ASIN: B0CKWGHQ7B) -> Cleaned: "TRX"
[2026-06-22T16:18:47.108Z]   [Dry-Run] Would search and enrich contact for "TRX"
[2026-06-22T16:18:47.108Z] [408/782] Processing: "Visit the Secret Element Store" (ASIN: B0CNXZFT6Y) -> Cleaned: "Secret Element"
[2026-06-22T16:18:47.108Z]   [Dry-Run] Would search and enrich contact for "Secret Element"
[2026-06-22T16:18:47.109Z] [409/782] Processing: "Visit the ACEWORKZ Store" (ASIN: B091MGWKT8) -> Cleaned: "ACEWORKZ"
[2026-06-22T16:18:47.109Z]   [Dry-Run] Would search and enrich contact for "ACEWORKZ"
[2026-06-22T16:18:47.109Z] [410/782] Processing: "Visit the ANUA Store" (ASIN: B0GKFD9ZQW) -> Cleaned: "ANUA"
[2026-06-22T16:18:47.109Z]   [Dry-Run] Would search and enrich contact for "ANUA"
[2026-06-22T16:18:47.109Z] [411/782] Processing: "Visit the ZBiotics Store" (ASIN: B0BX7C6H99) -> Cleaned: "ZBiotics"
[2026-06-22T16:18:47.109Z]   [Dry-Run] Would search and enrich contact for "ZBiotics"
[2026-06-22T16:18:47.109Z] [412/782] Processing: "Visit the BesBiu Store" (ASIN: B0CL8GMTP4) -> Cleaned: "BesBiu"
[2026-06-22T16:18:47.109Z]   [Dry-Run] Would search and enrich contact for "BesBiu"
[2026-06-22T16:18:47.109Z] [413/782] Processing: "Nature's Bounty" (ASIN: B006QQRY2O) -> Cleaned: "Nature's Bounty"
[2026-06-22T16:18:47.109Z]   [Dry-Run] Would search and enrich contact for "Nature's Bounty"
[2026-06-22T16:18:47.109Z] [414/782] Processing: "Visit the 54 Thrones Store" (ASIN: B0F49S2MVM) -> Cleaned: "54 Thrones"
[2026-06-22T16:18:47.110Z]   [Dry-Run] Would search and enrich contact for "54 Thrones"
[2026-06-22T16:18:47.110Z] [415/782] Processing: "Sports Research" (ASIN: B07DX89ZHN) -> Cleaned: "Sports Research"
[2026-06-22T16:18:47.110Z]   [Dry-Run] Would search and enrich contact for "Sports Research"
[2026-06-22T16:18:47.110Z] [416/782] Processing: "Visit the Suntegrity Store" (ASIN: B0FTK2HL4F) -> Cleaned: "Suntegrity"
[2026-06-22T16:18:47.110Z]   [Dry-Run] Would search and enrich contact for "Suntegrity"
[2026-06-22T16:18:47.110Z] [417/782] Processing: "Visit the IN YOUR FACE Store" (ASIN: B08JJMP8DV) -> Cleaned: "IN YOUR FACE"
[2026-06-22T16:18:47.110Z]   [Dry-Run] Would search and enrich contact for "IN YOUR FACE"
[2026-06-22T16:18:47.110Z] [418/782] Processing: "Visit the TOUCH Store" (ASIN: B08GP24152) -> Cleaned: "TOUCH"
[2026-06-22T16:18:47.110Z]   [Dry-Run] Would search and enrich contact for "TOUCH"
[2026-06-22T16:18:47.110Z] [419/782] Processing: "Nutricost" (ASIN: B09B4DWNYQ) -> Cleaned: "Nutricost"
[2026-06-22T16:18:47.110Z]   [Dry-Run] Would search and enrich contact for "Nutricost"
[2026-06-22T16:18:47.110Z] [420/782] Processing: "Visit the K-SECRET Store" (ASIN: B0DCQ71XRT) -> Cleaned: "K-SECRET"
[2026-06-22T16:18:47.110Z]   [Dry-Run] Would search and enrich contact for "K-SECRET"
[2026-06-22T16:18:47.110Z] [421/782] Processing: "Visit the TzzyiC Store" (ASIN: B0FRXQ8QJ3) -> Cleaned: "TzzyiC"
[2026-06-22T16:18:47.110Z]   [Dry-Run] Would search and enrich contact for "TzzyiC"
[2026-06-22T16:18:47.111Z] [422/782] Processing: "WEEM" (ASIN: B08FGZSW8L) -> Cleaned: "WEEM"
[2026-06-22T16:18:47.111Z]   [Dry-Run] Would search and enrich contact for "WEEM"
[2026-06-22T16:18:47.111Z] [423/782] Processing: "Nature Made" (ASIN: B08FNKSPD2) -> Cleaned: "Nature Made"
[2026-06-22T16:18:47.111Z]   [Dry-Run] Would search and enrich contact for "Nature Made"
[2026-06-22T16:18:47.111Z] [424/782] Processing: "Visit the Averr Aglow Store" (ASIN: B08ZSG1QB5) -> Cleaned: "Averr Aglow"
[2026-06-22T16:18:47.111Z]   [Dry-Run] Would search and enrich contact for "Averr Aglow"
[2026-06-22T16:18:47.111Z] [425/782] Processing: "Visit the Nature's Way Store" (ASIN: B0D484CJB1) -> Cleaned: "Nature's Way"
[2026-06-22T16:18:47.111Z]   [Dry-Run] Would search and enrich contact for "Nature's Way"
[2026-06-22T16:18:47.111Z] [426/782] Processing: "Visit the e.l.f. Store" (ASIN: B08TQTT8LK) -> Cleaned: "e.l.f."
[2026-06-22T16:18:47.111Z]   [Dry-Run] Would search and enrich contact for "e.l.f."
[2026-06-22T16:18:47.111Z] [427/782] Processing: "Visit the WEALLIN Store" (ASIN: B0DHZNB1LP) -> Cleaned: "WEALLIN"
[2026-06-22T16:18:47.111Z]   [Dry-Run] Would search and enrich contact for "WEALLIN"
[2026-06-22T16:18:47.111Z] [428/782] Processing: "Visit the Rho Nutrition Store" (ASIN: B0BQ3ZNK64) -> Cleaned: "Rho Nutrition"
[2026-06-22T16:18:47.111Z]   [Dry-Run] Would search and enrich contact for "Rho Nutrition"
[2026-06-22T16:18:47.111Z] [429/782] Processing: "Visit the le mini macaron Store" (ASIN: B0BFBW6PL6) -> Cleaned: "le mini macaron"
[2026-06-22T16:18:47.111Z]   [Dry-Run] Would search and enrich contact for "le mini macaron"
[2026-06-22T16:18:47.111Z] [430/782] Processing: "Visit the Takeya Store" (ASIN: B0DBJBKS83) -> Cleaned: "Takeya"
[2026-06-22T16:18:47.111Z]   [Dry-Run] Would search and enrich contact for "Takeya"
[2026-06-22T16:18:47.111Z] [431/782] Processing: "Visit the Ancestral Supplements Store" (ASIN: B01MSBZYQW) -> Cleaned: "Ancestral Supplements"
[2026-06-22T16:18:47.111Z]   [Dry-Run] Would search and enrich contact for "Ancestral Supplements"
[2026-06-22T16:18:47.111Z] [432/782] Processing: "Visit the MR BING Store" (ASIN: B095TLBG4J) -> Cleaned: "MR BING"
[2026-06-22T16:18:47.111Z]   [Dry-Run] Would search and enrich contact for "MR BING"
[2026-06-22T16:18:47.111Z] [433/782] Processing: "Dr. Berg Nutritionals" (ASIN: B0B5FDXM9X) -> Cleaned: "Dr. Berg Nutritionals"
[2026-06-22T16:18:47.111Z]   [Dry-Run] Would search and enrich contact for "Dr. Berg Nutritionals"
[2026-06-22T16:18:47.111Z] [434/782] Processing: "Visit the VINCI Store" (ASIN: B0FY3YWNQN) -> Cleaned: "VINCI"
[2026-06-22T16:18:47.111Z]   [Dry-Run] Would search and enrich contact for "VINCI"
[2026-06-22T16:18:47.111Z] [435/782] Processing: "Visit the ProMix Nutrition Store" (ASIN: B0D9D359MK) -> Cleaned: "ProMix Nutrition"
[2026-06-22T16:18:47.111Z]   [Dry-Run] Would search and enrich contact for "ProMix Nutrition"
[2026-06-22T16:18:47.111Z] [436/782] Processing: "Visit the Twisted dough Store" (ASIN: B0CWN8T358) -> Cleaned: "Twisted dough"
[2026-06-22T16:18:47.111Z]   [Dry-Run] Would search and enrich contact for "Twisted dough"
[2026-06-22T16:18:47.112Z] [437/782] Processing: "Visit the Sigma Beauty Store" (ASIN: B07B9J5W5V) -> Cleaned: "Sigma Beauty"
[2026-06-22T16:18:47.112Z]   [Dry-Run] Would search and enrich contact for "Sigma Beauty"
[2026-06-22T16:18:47.112Z] [438/782] Processing: "Visit the PARBEE Store" (ASIN: B0BMZXG7Z7) -> Cleaned: "PARBEE"
[2026-06-22T16:18:47.112Z]   [Dry-Run] Would search and enrich contact for "PARBEE"
[2026-06-22T16:18:47.112Z] [439/782] Processing: "NeoCell" (ASIN: B0F5692W7S) -> Cleaned: "NeoCell"
[2026-06-22T16:18:47.112Z]   [Dry-Run] Would search and enrich contact for "NeoCell"
[2026-06-22T16:18:47.112Z] [440/782] Processing: "DEAL SUPPLEMENT" (ASIN: B0C7FPF4TT) -> Cleaned: "DEAL SUPPLEMENT"
[2026-06-22T16:18:47.112Z]   [Dry-Run] Would search and enrich contact for "DEAL SUPPLEMENT"
[2026-06-22T16:18:47.112Z] [441/782] Processing: "Visit the Brew To A Tea Store" (ASIN: B0CJFP8SCV) -> Cleaned: "Brew To A Tea"
[2026-06-22T16:18:47.112Z]   [Dry-Run] Would search and enrich contact for "Brew To A Tea"
[2026-06-22T16:18:47.112Z] [442/782] Processing: "Visit the Ambrosia Store" (ASIN: B0CPN5DTM2) -> Cleaned: "Ambrosia"
[2026-06-22T16:18:47.112Z]   [Dry-Run] Would search and enrich contact for "Ambrosia"
[2026-06-22T16:18:47.112Z] [443/782] Processing: "Dr. Berg Nutritionals" (ASIN: B0DD4XMQ4X) -> Cleaned: "Dr. Berg Nutritionals"
[2026-06-22T16:18:47.112Z]   [Dry-Run] Would search and enrich contact for "Dr. Berg Nutritionals"
[2026-06-22T16:18:47.112Z] [444/782] Processing: "Visit the RUMBLE ROLLER Store" (ASIN: B01N4BFTZL) -> Cleaned: "RUMBLE ROLLER"
[2026-06-22T16:18:47.112Z]   [Dry-Run] Would search and enrich contact for "RUMBLE ROLLER"
[2026-06-22T16:18:47.112Z] [445/782] Processing: "Visit the ELVIRE SPORT Store" (ASIN: B0DP7X37VV) -> Cleaned: "ELVIRE SPORT"
[2026-06-22T16:18:47.113Z]   [Dry-Run] Would search and enrich contact for "ELVIRE SPORT"
[2026-06-22T16:18:47.113Z] [446/782] Processing: "Visit the Maxi Health Store" (ASIN: B002CVTXLC) -> Cleaned: "Maxi Health"
[2026-06-22T16:18:47.113Z]   [Dry-Run] Would search and enrich contact for "Maxi Health"
[2026-06-22T16:18:47.113Z] [447/782] Processing: "Visit the JONAS PAUL Store" (ASIN: B0FV3CW21X) -> Cleaned: "JONAS PAUL"
[2026-06-22T16:18:47.113Z]   [Dry-Run] Would search and enrich contact for "JONAS PAUL"
[2026-06-22T16:18:47.113Z] [448/782] Processing: "Visit the FITINDEX Store" (ASIN: B07KFD7KLP) -> Cleaned: "FITINDEX"
[2026-06-22T16:18:47.113Z]   [Dry-Run] Would search and enrich contact for "FITINDEX"
[2026-06-22T16:18:47.113Z] [449/782] Processing: "Visit the Pro Plan Veterinary Diets Store" (ASIN: B083XD2V4C) -> Cleaned: "Pro Plan Veterinary Diets"
[2026-06-22T16:18:47.113Z]   [Dry-Run] Would search and enrich contact for "Pro Plan Veterinary Diets"
[2026-06-22T16:18:47.113Z] [450/782] Processing: "Visit the Clear Beauty Store" (ASIN: B0CLQ9ZX6W) -> Cleaned: "Clear Beauty"
[2026-06-22T16:18:47.113Z]   [Dry-Run] Would search and enrich contact for "Clear Beauty"
[2026-06-22T16:18:47.113Z] [451/782] Processing: "Visit the BIXBI Store" (ASIN: B0048ZAR5G) -> Cleaned: "BIXBI"
[2026-06-22T16:18:47.113Z]   [Dry-Run] Would search and enrich contact for "BIXBI"
[2026-06-22T16:18:47.113Z] [452/782] Processing: "Visit the Daily Nouri Store" (ASIN: B0F8MXZ1TM) -> Cleaned: "Daily Nouri"
[2026-06-22T16:18:47.113Z]   [Dry-Run] Would search and enrich contact for "Daily Nouri"
[2026-06-22T16:18:47.113Z] [453/782] Processing: "Visit the Serious Skincare Store" (ASIN: B07N967XLD) -> Cleaned: "Serious Skincare"
[2026-06-22T16:18:47.113Z]   [Dry-Run] Would search and enrich contact for "Serious Skincare"
[2026-06-22T16:18:47.113Z] [454/782] Processing: "Visit the FITGLOW Store" (ASIN: B0B4KMZVC3) -> Cleaned: "FITGLOW"
[2026-06-22T16:18:47.113Z]   [Dry-Run] Would search and enrich contact for "FITGLOW"
[2026-06-22T16:18:47.113Z] [455/782] Processing: "Visit the SJOLIE SUNLESS Store" (ASIN: B076C7V6LM) -> Cleaned: "SJOLIE SUNLESS"
[2026-06-22T16:18:47.113Z]   [Dry-Run] Would search and enrich contact for "SJOLIE SUNLESS"
[2026-06-22T16:18:47.113Z] [456/782] Processing: "MARYRUTH'S" (ASIN: B0CWS5QP8F) -> Cleaned: "MARYRUTH'S"
[2026-06-22T16:18:47.113Z]   [Dry-Run] Would search and enrich contact for "MARYRUTH'S"
[2026-06-22T16:18:47.113Z] [457/782] Processing: "Visit the Savannah Bee Company Store" (ASIN: B01HUZUL1A) -> Cleaned: "Savannah Bee Company"
[2026-06-22T16:18:47.113Z]   [Dry-Run] Would search and enrich contact for "Savannah Bee Company"
[2026-06-22T16:18:47.113Z] [458/782] Processing: "Visit the Nature's Bounty Store" (ASIN: B0072F8D7S) -> Cleaned: "Nature's Bounty"
[2026-06-22T16:18:47.113Z]   [Dry-Run] Would search and enrich contact for "Nature's Bounty"
[2026-06-22T16:18:47.114Z] [459/782] Processing: "Brand: ＫａｔｓｕｏＳｔａｍｉｎａ" (ASIN: B0CWQBMKDR) -> Cleaned: "ＫａｔｓｕｏＳｔａｍｉｎａ"
[2026-06-22T16:18:47.114Z]   [Dry-Run] Would search and enrich contact for "ＫａｔｓｕｏＳｔａｍｉｎａ"
[2026-06-22T16:18:47.114Z] [460/782] Processing: "Brand: LYS Beauty" (ASIN: B0FW9M6H7G) -> Cleaned: "LYS Beauty"
[2026-06-22T16:18:47.114Z]   [Dry-Run] Would search and enrich contact for "LYS Beauty"
[2026-06-22T16:18:47.114Z] [461/782] Processing: "(unknown)" (ASIN: B08FGL8QJL) -> Cleaned: "(unknown)"
[2026-06-22T16:18:47.114Z]   [Dry-Run] Would search and enrich contact for "(unknown)"
[2026-06-22T16:18:47.114Z] [462/782] Processing: "Visit the XPRS Nutra Store" (ASIN: B07X6KT8LC) -> Cleaned: "XPRS Nutra"
[2026-06-22T16:18:47.119Z]   [Dry-Run] Would search and enrich contact for "XPRS Nutra"
[2026-06-22T16:18:47.119Z] [463/782] Processing: "Visit the Vital Nutrients Store" (ASIN: B005HXOBFA) -> Cleaned: "Vital Nutrients"
[2026-06-22T16:18:47.119Z]   [Dry-Run] Would search and enrich contact for "Vital Nutrients"
[2026-06-22T16:18:47.119Z] [464/782] Processing: "Visit the JOYENERGY Store" (ASIN: B0D6VN1LBY) -> Cleaned: "JOYENERGY"
[2026-06-22T16:18:47.119Z]   [Dry-Run] Would search and enrich contact for "JOYENERGY"
[2026-06-22T16:18:47.119Z] [465/782] Processing: "Visit the In Clover Store" (ASIN: B00C5PD7B2) -> Cleaned: "In Clover"
[2026-06-22T16:18:47.120Z]   [Dry-Run] Would search and enrich contact for "In Clover"
[2026-06-22T16:18:47.120Z] [466/782] Processing: "Visit the WONDER PAWS Store" (ASIN: B0F6LZZ2Q3) -> Cleaned: "WONDER PAWS"
[2026-06-22T16:18:47.120Z]   [Dry-Run] Would search and enrich contact for "WONDER PAWS"
[2026-06-22T16:18:47.120Z] [467/782] Processing: "Visit the Momentous Store" (ASIN: B0BQ1KBX3Q) -> Cleaned: "Momentous"
[2026-06-22T16:18:47.120Z]   [Dry-Run] Would search and enrich contact for "Momentous"
[2026-06-22T16:18:47.120Z] [468/782] Processing: "Visit the Nature's Sunshine Store" (ASIN: B0094ULB8W) -> Cleaned: "Nature's Sunshine"
[2026-06-22T16:18:47.120Z]   [Dry-Run] Would search and enrich contact for "Nature's Sunshine"
[2026-06-22T16:18:47.120Z] [469/782] Processing: "Visit the GoSports Store" (ASIN: B07FCNK2K8) -> Cleaned: "GoSports"
[2026-06-22T16:18:47.120Z]   [Dry-Run] Would search and enrich contact for "GoSports"
[2026-06-22T16:18:47.120Z] [470/782] Processing: "Visit the Gaiam Store" (ASIN: B07CZSP9KK) -> Cleaned: "Gaiam"
[2026-06-22T16:18:47.120Z]   [Dry-Run] Would search and enrich contact for "Gaiam"
[2026-06-22T16:18:47.120Z] [471/782] Processing: "Visit the Clean Nutraceuticals Store" (ASIN: B0DJDPLV53) -> Cleaned: "Clean Nutraceuticals"
[2026-06-22T16:18:47.120Z]   [Dry-Run] Would search and enrich contact for "Clean Nutraceuticals"
[2026-06-22T16:18:47.120Z] [472/782] Processing: "Visit the Himalaya Store" (ASIN: B0D5MPG424) -> Cleaned: "Himalaya"
[2026-06-22T16:18:47.120Z]   [Dry-Run] Would search and enrich contact for "Himalaya"
[2026-06-22T16:18:47.120Z] [473/782] Processing: "Visit the ForestLeaf Store" (ASIN: B0CYR7H7LC) -> Cleaned: "ForestLeaf"
[2026-06-22T16:18:47.120Z]   [Dry-Run] Would search and enrich contact for "ForestLeaf"
[2026-06-22T16:18:47.120Z] [474/782] Processing: "Visit the Gaia Herbs Store" (ASIN: B0G2728TXC) -> Cleaned: "Gaia Herbs"
[2026-06-22T16:18:47.120Z]   [Dry-Run] Would search and enrich contact for "Gaia Herbs"
[2026-06-22T16:18:47.120Z] [475/782] Processing: "Visit the Garden of Life Store" (ASIN: B0010WD34M) -> Cleaned: "Garden of Life"
[2026-06-22T16:18:47.120Z]   [Dry-Run] Would search and enrich contact for "Garden of Life"
[2026-06-22T16:18:47.120Z] [476/782] Processing: "Visit the NEW AGE Store" (ASIN: B0CZMCK9VQ) -> Cleaned: "NEW AGE"
[2026-06-22T16:18:47.120Z]   [Dry-Run] Would search and enrich contact for "NEW AGE"
[2026-06-22T16:18:47.120Z] [477/782] Processing: "Visit the Clean Nutraceuticals Store" (ASIN: B0D3SYXGLJ) -> Cleaned: "Clean Nutraceuticals"
[2026-06-22T16:18:47.120Z]   [Dry-Run] Would search and enrich contact for "Clean Nutraceuticals"
[2026-06-22T16:18:47.120Z] [478/782] Processing: "Visit the Moukeren Store" (ASIN: B0G525D3WS) -> Cleaned: "Moukeren"
[2026-06-22T16:18:47.120Z]   [Dry-Run] Would search and enrich contact for "Moukeren"
[2026-06-22T16:18:47.120Z] [479/782] Processing: "Visit the Modern Innovations Store" (ASIN: B0DP1KPQQG) -> Cleaned: "Modern Innovations"
[2026-06-22T16:18:47.120Z]   [Dry-Run] Would search and enrich contact for "Modern Innovations"
[2026-06-22T16:18:47.120Z] [480/782] Processing: "Brand: Asderote" (ASIN: B0GKFZ9SRL) -> Cleaned: "Asderote"
[2026-06-22T16:18:47.120Z]   [Dry-Run] Would search and enrich contact for "Asderote"
[2026-06-22T16:18:47.120Z] [481/782] Processing: "Visit the Zen Dew Store" (ASIN: B0D8XD6G1H) -> Cleaned: "Zen Dew"
[2026-06-22T16:18:47.120Z]   [Dry-Run] Would search and enrich contact for "Zen Dew"
[2026-06-22T16:18:47.120Z] [482/782] Processing: "Visit the THORNE Store" (ASIN: B0797HBLL3) -> Cleaned: "THORNE"
[2026-06-22T16:18:47.120Z]   [Dry-Run] Would search and enrich contact for "THORNE"
[2026-06-22T16:18:47.120Z] [483/782] Processing: "Brand: Leverage x Evolution" (ASIN: B0GVSM4919) -> Cleaned: "Leverage x Evolution"
[2026-06-22T16:18:47.120Z]   [Dry-Run] Would search and enrich contact for "Leverage x Evolution"
[2026-06-22T16:18:47.120Z] [484/782] Processing: "Visit the BIOptimizers Store" (ASIN: B0G5Q63Z1Y) -> Cleaned: "BIOptimizers"
[2026-06-22T16:18:47.120Z]   [Dry-Run] Would search and enrich contact for "BIOptimizers"
[2026-06-22T16:18:47.120Z] [485/782] Processing: "Visit the Himalaya Store" (ASIN: B0DKK59S3W) -> Cleaned: "Himalaya"
[2026-06-22T16:18:47.120Z]   [Dry-Run] Would search and enrich contact for "Himalaya"
[2026-06-22T16:18:47.121Z] [486/782] Processing: "Visit the Lodge Store" (ASIN: B085VZXGG4) -> Cleaned: "Lodge"
[2026-06-22T16:18:47.121Z]   [Dry-Run] Would search and enrich contact for "Lodge"
[2026-06-22T16:18:47.121Z] [487/782] Processing: "Visit the DREO Store" (ASIN: B0FJ26JLHP) -> Cleaned: "DREO"
[2026-06-22T16:18:47.121Z]   [Dry-Run] Would search and enrich contact for "DREO"
[2026-06-22T16:18:47.121Z] [488/782] Processing: "Visit the Shappy Store" (ASIN: B0CJ2YZC4P) -> Cleaned: "Shappy"
[2026-06-22T16:18:47.121Z]   [Dry-Run] Would search and enrich contact for "Shappy"
[2026-06-22T16:18:47.124Z] [489/782] Processing: "Visit the Zmarthumb Store" (ASIN: B0D9K2NTMY) -> Cleaned: "Zmarthumb"
[2026-06-22T16:18:47.124Z]   [Dry-Run] Would search and enrich contact for "Zmarthumb"
[2026-06-22T16:18:47.124Z] [490/782] Processing: "Visit the Tribe Lifting Store" (ASIN: B0BTT4BJS8) -> Cleaned: "Tribe Lifting"
[2026-06-22T16:18:47.124Z]   [Dry-Run] Would search and enrich contact for "Tribe Lifting"
[2026-06-22T16:18:47.124Z] [491/782] Processing: "Visit the Chirp Store" (ASIN: B0BR8P4X4M) -> Cleaned: "Chirp"
[2026-06-22T16:18:47.124Z]   [Dry-Run] Would search and enrich contact for "Chirp"
[2026-06-22T16:18:47.124Z] [492/782] Processing: "Visit the Yes4All Store" (ASIN: B0BN15PHTM) -> Cleaned: "Yes4All"
[2026-06-22T16:18:47.124Z]   [Dry-Run] Would search and enrich contact for "Yes4All"
[2026-06-22T16:18:47.124Z] [493/782] Processing: "Visit the FitBeast Store" (ASIN: B0BJKS7J41) -> Cleaned: "FitBeast"
[2026-06-22T16:18:47.124Z]   [Dry-Run] Would search and enrich contact for "FitBeast"
[2026-06-22T16:18:47.124Z] [494/782] Processing: "Visit the Gaiam Store" (ASIN: B07QD2TBX5) -> Cleaned: "Gaiam"
[2026-06-22T16:18:47.124Z]   [Dry-Run] Would search and enrich contact for "Gaiam"
[2026-06-22T16:18:47.124Z] [495/782] Processing: "Visit the LTHTRADE Store" (ASIN: B0D53J7ZR3) -> Cleaned: "LTHTRADE"
[2026-06-22T16:18:47.124Z]   [Dry-Run] Would search and enrich contact for "LTHTRADE"
[2026-06-22T16:18:47.124Z] [496/782] Processing: "Brand: ROMIX" (ASIN: B083WK4DR9) -> Cleaned: "ROMIX"
[2026-06-22T16:18:47.124Z]   [Dry-Run] Would search and enrich contact for "ROMIX"
[2026-06-22T16:18:47.124Z] [497/782] Processing: "Visit the Kanjo Store" (ASIN: B0DHSP5J66) -> Cleaned: "Kanjo"
[2026-06-22T16:18:47.124Z]   [Dry-Run] Would search and enrich contact for "Kanjo"
[2026-06-22T16:18:47.124Z] [498/782] Processing: "Visit the Kanjo Store" (ASIN: B08FBL1X2V) -> Cleaned: "Kanjo"
[2026-06-22T16:18:47.124Z]   [Dry-Run] Would search and enrich contact for "Kanjo"
[2026-06-22T16:18:47.124Z] [499/782] Processing: "Visit the UNMERA Store" (ASIN: B09NHS319M) -> Cleaned: "UNMERA"
[2026-06-22T16:18:47.124Z]   [Dry-Run] Would search and enrich contact for "UNMERA"
[2026-06-22T16:18:47.125Z] [500/782] Processing: "Visit the Nespresso Store" (ASIN: B0BBH5B7MD) -> Cleaned: "Nespresso"
[2026-06-22T16:18:47.125Z]   [Dry-Run] Would search and enrich contact for "Nespresso"
[2026-06-22T16:18:47.125Z] [501/782] Processing: "Visit the Kanjo Store" (ASIN: B0996THYHP) -> Cleaned: "Kanjo"
[2026-06-22T16:18:47.125Z]   [Dry-Run] Would search and enrich contact for "Kanjo"
[2026-06-22T16:18:47.125Z] [502/782] Processing: "Visit the AyurMat Store" (ASIN: B0C5X3ZBG1) -> Cleaned: "AyurMat"
[2026-06-22T16:18:47.125Z]   [Dry-Run] Would search and enrich contact for "AyurMat"
[2026-06-22T16:18:47.125Z] [503/782] Processing: "Visit the Dakini Store" (ASIN: B094NGJFYV) -> Cleaned: "Dakini"
[2026-06-22T16:18:47.125Z]   [Dry-Run] Would search and enrich contact for "Dakini"
[2026-06-22T16:18:47.125Z] [504/782] Processing: "Visit the Solly Baby Store" (ASIN: B0DPQTGSX3) -> Cleaned: "Solly Baby"
[2026-06-22T16:18:47.125Z]   [Dry-Run] Would search and enrich contact for "Solly Baby"
[2026-06-22T16:18:47.125Z] [505/782] Processing: "Visit the Lamicall Store" (ASIN: B0FJ8DCN5T) -> Cleaned: "Lamicall"
[2026-06-22T16:18:47.125Z]   [Dry-Run] Would search and enrich contact for "Lamicall"
[2026-06-22T16:18:47.125Z] [506/782] Processing: "Visit the MISSWISDOM Store" (ASIN: B0DG8Z4WQT) -> Cleaned: "MISSWISDOM"
[2026-06-22T16:18:47.125Z]   [Dry-Run] Would search and enrich contact for "MISSWISDOM"
[2026-06-22T16:18:47.125Z] [507/782] Processing: "Visit the TAB Store" (ASIN: B0CP5P81RT) -> Cleaned: "TAB"
[2026-06-22T16:18:47.125Z]   [Dry-Run] Would search and enrich contact for "TAB"
[2026-06-22T16:18:47.125Z] [508/782] Processing: "Visit the Boba Store" (ASIN: B0BWSMDNSM) -> Cleaned: "Boba"
[2026-06-22T16:18:47.125Z]   [Dry-Run] Would search and enrich contact for "Boba"
[2026-06-22T16:18:47.125Z] [509/782] Processing: "Visit the Moby Store" (ASIN: B0D18QZL1N) -> Cleaned: "Moby"
[2026-06-22T16:18:47.125Z]   [Dry-Run] Would search and enrich contact for "Moby"
[2026-06-22T16:18:47.125Z] [510/782] Processing: "Visit the Cuby Store" (ASIN: B073XFXR1L) -> Cleaned: "Cuby"
[2026-06-22T16:18:47.125Z]   [Dry-Run] Would search and enrich contact for "Cuby"
[2026-06-22T16:18:47.125Z] [511/782] Processing: "Visit the YYDSKIT Store" (ASIN: B0995XCZXK) -> Cleaned: "YYDSKIT"
[2026-06-22T16:18:47.125Z]   [Dry-Run] Would search and enrich contact for "YYDSKIT"
[2026-06-22T16:18:47.125Z] [512/782] Processing: "Visit the YOGASLEEP Store" (ASIN: B08X1MCX2Z) -> Cleaned: "YOGASLEEP"
[2026-06-22T16:18:47.125Z]   [Dry-Run] Would search and enrich contact for "YOGASLEEP"
[2026-06-22T16:18:47.125Z] [513/782] Processing: "Visit the Lodge Store" (ASIN: B071FPMSYJ) -> Cleaned: "Lodge"
[2026-06-22T16:18:47.125Z]   [Dry-Run] Would search and enrich contact for "Lodge"
[2026-06-22T16:18:47.125Z] [514/782] Processing: "Visit the Lodge Store" (ASIN: B09VJJN5XH) -> Cleaned: "Lodge"
[2026-06-22T16:18:47.125Z]   [Dry-Run] Would search and enrich contact for "Lodge"
[2026-06-22T16:18:47.125Z] [515/782] Processing: "Visit the EWFEN Store" (ASIN: B0FMYLSJYL) -> Cleaned: "EWFEN"
[2026-06-22T16:18:47.125Z]   [Dry-Run] Would search and enrich contact for "EWFEN"
[2026-06-22T16:18:47.125Z] [516/782] Processing: "Visit the isheTao Store" (ASIN: B0F1F5SWCS) -> Cleaned: "isheTao"
[2026-06-22T16:18:47.125Z]   [Dry-Run] Would search and enrich contact for "isheTao"
[2026-06-22T16:18:47.125Z] [517/782] Processing: "Visit the EDGING CASTING Store" (ASIN: B08QMSPGZ7) -> Cleaned: "EDGING CASTING"
[2026-06-22T16:18:47.125Z]   [Dry-Run] Would search and enrich contact for "EDGING CASTING"
[2026-06-22T16:18:47.126Z] [518/782] Processing: "Brand: Bachdomc" (ASIN: B0FGXSGGP5) -> Cleaned: "Bachdomc"
[2026-06-22T16:18:47.126Z]   [Dry-Run] Would search and enrich contact for "Bachdomc"
[2026-06-22T16:18:47.126Z] [519/782] Processing: "Visit the Rachael Ray Store" (ASIN: B0B83PZGTX) -> Cleaned: "Rachael Ray"
[2026-06-22T16:18:47.126Z]   [Dry-Run] Would search and enrich contact for "Rachael Ray"
[2026-06-22T16:18:47.126Z] [520/782] Processing: "Visit the Nectar & Nest Store" (ASIN: B0FT1YPY4V) -> Cleaned: "Nectar & Nest"
[2026-06-22T16:18:47.126Z]   [Dry-Run] Would search and enrich contact for "Nectar & Nest"
[2026-06-22T16:18:47.126Z] [521/782] Processing: "Visit the TERRA ELMNT Store" (ASIN: B09YTG6G13) -> Cleaned: "TERRA ELMNT"
[2026-06-22T16:18:47.126Z]   [Dry-Run] Would search and enrich contact for "TERRA ELMNT"
[2026-06-22T16:18:47.126Z] [522/782] Processing: "Visit the BLACKLABEL Supplements Store" (ASIN: B0DS3YWBFL) -> Cleaned: "BLACKLABEL Supplements"
[2026-06-22T16:18:47.126Z]   [Dry-Run] Would search and enrich contact for "BLACKLABEL Supplements"
[2026-06-22T16:18:47.127Z] [523/782] Processing: "Visit the Amazon Basics Store" (ASIN: B07XH8P34G) -> Cleaned: "Amazon Basics"
[2026-06-22T16:18:47.127Z]   [Dry-Run] Would search and enrich contact for "Amazon Basics"
[2026-06-22T16:18:47.127Z] [524/782] Processing: "Brand: OVICIA" (ASIN: B0GVGLHB5M) -> Cleaned: "OVICIA"
[2026-06-22T16:18:47.127Z]   [Dry-Run] Would search and enrich contact for "OVICIA"
[2026-06-22T16:18:47.127Z] [525/782] Processing: "Visit the NEW AGE Store" (ASIN: B0CDMXN8XK) -> Cleaned: "NEW AGE"
[2026-06-22T16:18:47.127Z]   [Dry-Run] Would search and enrich contact for "NEW AGE"
[2026-06-22T16:18:47.127Z] [526/782] Processing: "Visit the Neutrogena Store" (ASIN: B0F72NZ89K) -> Cleaned: "Neutrogena"
[2026-06-22T16:18:47.127Z]   [Dry-Run] Would search and enrich contact for "Neutrogena"
[2026-06-22T16:18:47.127Z] [527/782] Processing: "Visit the KORA Organics Store" (ASIN: B01GYHLW4U) -> Cleaned: "KORA Organics"
[2026-06-22T16:18:47.127Z]   [Dry-Run] Would search and enrich contact for "KORA Organics"
[2026-06-22T16:18:47.127Z] [528/782] Processing: "Visit the Pet Protect Store" (ASIN: B0CWVTHQPQ) -> Cleaned: "Pet Protect"
[2026-06-22T16:18:47.127Z]   [Dry-Run] Would search and enrich contact for "Pet Protect"
[2026-06-22T16:18:47.127Z] [529/782] Processing: "Visit the Comfytemp Store" (ASIN: B0FND3NYJN) -> Cleaned: "Comfytemp"
[2026-06-22T16:18:47.127Z]   [Dry-Run] Would search and enrich contact for "Comfytemp"
[2026-06-22T16:18:47.127Z] [530/782] Processing: "Visit the Trilogy Store" (ASIN: B0081JE0VM) -> Cleaned: "Trilogy"
[2026-06-22T16:18:47.127Z]   [Dry-Run] Would search and enrich contact for "Trilogy"
[2026-06-22T16:18:47.127Z] [531/782] Processing: "Visit the Azure Cosmetics Store" (ASIN: B0C2DDLGVS) -> Cleaned: "Azure Cosmetics"
[2026-06-22T16:18:47.127Z]   [Dry-Run] Would search and enrich contact for "Azure Cosmetics"
[2026-06-22T16:18:47.127Z] [532/782] Processing: "Nature Made" (ASIN: B00DS5BGDY) -> Cleaned: "Nature Made"
[2026-06-22T16:18:47.127Z]   [Dry-Run] Would search and enrich contact for "Nature Made"
[2026-06-22T16:18:47.127Z] [533/782] Processing: "Visit the Mela Store" (ASIN: B0FQ9YL982) -> Cleaned: "Mela"
[2026-06-22T16:18:47.127Z]   [Dry-Run] Would search and enrich contact for "Mela"
[2026-06-22T16:18:47.127Z] [534/782] Processing: "Double Wood Supplements" (ASIN: B0B6CTYD6S) -> Cleaned: "Double Wood Supplements"
[2026-06-22T16:18:47.127Z]   [Dry-Run] Would search and enrich contact for "Double Wood Supplements"
[2026-06-22T16:18:47.127Z] [535/782] Processing: "Visit the Fitness Labs Store" (ASIN: B008KMUNRA) -> Cleaned: "Fitness Labs"
[2026-06-22T16:18:47.127Z]   [Dry-Run] Would search and enrich contact for "Fitness Labs"
[2026-06-22T16:18:47.127Z] [536/782] Processing: "Visit the Nature's Bounty Store" (ASIN: B0BWZ14SXS) -> Cleaned: "Nature's Bounty"
[2026-06-22T16:18:47.127Z]   [Dry-Run] Would search and enrich contact for "Nature's Bounty"
[2026-06-22T16:18:47.127Z] [537/782] Processing: "Brand: Phienex" (ASIN: B0GSWJVDMC) -> Cleaned: "Phienex"
[2026-06-22T16:18:47.127Z]   [Dry-Run] Would search and enrich contact for "Phienex"
[2026-06-22T16:18:47.127Z] [538/782] Processing: "Visit the Timeless Skin Care Store" (ASIN: B0036BI56G) -> Cleaned: "Timeless Skin Care"
[2026-06-22T16:18:47.127Z]   [Dry-Run] Would search and enrich contact for "Timeless Skin Care"
[2026-06-22T16:18:47.127Z] [539/782] Processing: "Brand: HEALEG" (ASIN: B0GJRZPPRW) -> Cleaned: "HEALEG"
[2026-06-22T16:18:47.127Z]   [Dry-Run] Would search and enrich contact for "HEALEG"
[2026-06-22T16:18:47.127Z] [540/782] Processing: "Visit the Nutramax Laboratories Store" (ASIN: B0CQMJPW6G) -> Cleaned: "Nutramax Laboratories"
[2026-06-22T16:18:47.127Z]   [Dry-Run] Would search and enrich contact for "Nutramax Laboratories"
[2026-06-22T16:18:47.127Z] [541/782] Processing: "Visit the YUMA'S Store" (ASIN: B0CZSCPN3D) -> Cleaned: "YUMA'S"
[2026-06-22T16:18:47.127Z]   [Dry-Run] Would search and enrich contact for "YUMA'S"
[2026-06-22T16:18:47.127Z] [542/782] Processing: "Visit the Mount-It! Store" (ASIN: B07PDT75R5) -> Cleaned: "Mount-It!"
[2026-06-22T16:18:47.127Z]   [Dry-Run] Would search and enrich contact for "Mount-It!"
[2026-06-22T16:18:47.128Z] [543/782] Processing: "Visit the Purina Pro Plan Store" (ASIN: B083XLYRYH) -> Cleaned: "Purina Pro Plan"
[2026-06-22T16:18:47.128Z]   [Dry-Run] Would search and enrich contact for "Purina Pro Plan"
[2026-06-22T16:18:47.128Z] [544/782] Processing: "Visit the Zesty Paws Store" (ASIN: B0C9MWMH9G) -> Cleaned: "Zesty Paws"
[2026-06-22T16:18:47.128Z]   [Dry-Run] Would search and enrich contact for "Zesty Paws"
[2026-06-22T16:18:47.128Z] [545/782] Processing: "Visit the FLYBIRD Store" (ASIN: B0C4T5XCXZ) -> Cleaned: "FLYBIRD"
[2026-06-22T16:18:47.128Z]   [Dry-Run] Would search and enrich contact for "FLYBIRD"
[2026-06-22T16:18:47.128Z] [546/782] Processing: "Visit the Curie Store" (ASIN: B0D3T8GKM3) -> Cleaned: "Curie"
[2026-06-22T16:18:47.128Z]   [Dry-Run] Would search and enrich contact for "Curie"
[2026-06-22T16:18:47.128Z] [547/782] Processing: "Visit the COLLEEN ROTHSCHILD Store" (ASIN: B0CN7CZQHT) -> Cleaned: "COLLEEN ROTHSCHILD"
[2026-06-22T16:18:47.128Z]   [Dry-Run] Would search and enrich contact for "COLLEEN ROTHSCHILD"
[2026-06-22T16:18:47.128Z] [548/782] Processing: "Visit the PURA WEX NUTRITION Store" (ASIN: B0FD3MSSYX) -> Cleaned: "PURA WEX NUTRITION"
[2026-06-22T16:18:47.128Z]   [Dry-Run] Would search and enrich contact for "PURA WEX NUTRITION"
[2026-06-22T16:18:47.129Z] [549/782] Processing: "Visit the Kroeger Herb Products Store" (ASIN: B001UD4F0C) -> Cleaned: "Kroeger Herb Products"
[2026-06-22T16:18:47.129Z]   [Dry-Run] Would search and enrich contact for "Kroeger Herb Products"
[2026-06-22T16:18:47.129Z] [550/782] Processing: "Visit the NaturVet Store" (ASIN: B073XDRF8B) -> Cleaned: "NaturVet"
[2026-06-22T16:18:47.129Z]   [Dry-Run] Would search and enrich contact for "NaturVet"
[2026-06-22T16:18:47.129Z] [551/782] Processing: "Visit the Life Extension Store" (ASIN: B017WUGOD2) -> Cleaned: "Life Extension"
[2026-06-22T16:18:47.129Z]   [Dry-Run] Would search and enrich contact for "Life Extension"
[2026-06-22T16:18:47.129Z] [552/782] Processing: "(unknown)" (ASIN: B08R6CMC9H) -> Cleaned: "(unknown)"
[2026-06-22T16:18:47.129Z]   [Dry-Run] Would search and enrich contact for "(unknown)"
[2026-06-22T16:18:47.129Z] [553/782] Processing: "Visit the GuruNanda Store" (ASIN: B0DFHLF475) -> Cleaned: "GuruNanda"
[2026-06-22T16:18:47.129Z]   [Dry-Run] Would search and enrich contact for "GuruNanda"
[2026-06-22T16:18:47.129Z] [554/782] Processing: "Visit the Double Wood Supplements Store" (ASIN: B0C414X9V7) -> Cleaned: "Double Wood Supplements"
[2026-06-22T16:18:47.129Z]   [Dry-Run] Would search and enrich contact for "Double Wood Supplements"
[2026-06-22T16:18:47.129Z] [555/782] Processing: "Visit the OAT MAMA Store" (ASIN: B07KJLF3JZ) -> Cleaned: "OAT MAMA"
[2026-06-22T16:18:47.129Z]   [Dry-Run] Would search and enrich contact for "OAT MAMA"
[2026-06-22T16:18:47.129Z] [556/782] Processing: "Brand: vrbabies" (ASIN: B0DKJLZ63J) -> Cleaned: "vrbabies"
[2026-06-22T16:18:47.129Z]   [Dry-Run] Would search and enrich contact for "vrbabies"
[2026-06-22T16:18:47.129Z] [557/782] Processing: "Visit the Nature's Truth Store" (ASIN: B0F49DN145) -> Cleaned: "Nature's Truth"
[2026-06-22T16:18:47.129Z]   [Dry-Run] Would search and enrich contact for "Nature's Truth"
[2026-06-22T16:18:47.129Z] [558/782] Processing: "Brand: American Research Supplements" (ASIN: B0F6ZVCKV8) -> Cleaned: "American Research Supplements"
[2026-06-22T16:18:47.129Z]   [Dry-Run] Would search and enrich contact for "American Research Supplements"
[2026-06-22T16:18:47.129Z] [559/782] Processing: "Visit the SteelFit Store" (ASIN: B07K5BPXPW) -> Cleaned: "SteelFit"
[2026-06-22T16:18:47.129Z]   [Dry-Run] Would search and enrich contact for "SteelFit"
[2026-06-22T16:18:47.129Z] [560/782] Processing: "Visit the Eclat Skincare Store" (ASIN: B07P5TMHD9) -> Cleaned: "Eclat Skincare"
[2026-06-22T16:18:47.129Z]   [Dry-Run] Would search and enrich contact for "Eclat Skincare"
[2026-06-22T16:18:47.129Z] [561/782] Processing: "Visit the OUYIYUA Store" (ASIN: B0DZ2H8TM2) -> Cleaned: "OUYIYUA"
[2026-06-22T16:18:47.129Z]   [Dry-Run] Would search and enrich contact for "OUYIYUA"
[2026-06-22T16:18:47.129Z] [562/782] Processing: "Visit the AllDay Locks Store" (ASIN: B0F5XVSSP5) -> Cleaned: "AllDay Locks"
[2026-06-22T16:18:47.129Z]   [Dry-Run] Would search and enrich contact for "AllDay Locks"
[2026-06-22T16:18:47.129Z] [563/782] Processing: "Visit the NuLife Natural Pet Health Store" (ASIN: B07RLRJFBY) -> Cleaned: "NuLife Natural Pet Health"
[2026-06-22T16:18:47.129Z]   [Dry-Run] Would search and enrich contact for "NuLife Natural Pet Health"
[2026-06-22T16:18:47.129Z] [564/782] Processing: "Visit the Logo Brands Store" (ASIN: B0G118YGC1) -> Cleaned: "Logo Brands"
[2026-06-22T16:18:47.129Z]   [Dry-Run] Would search and enrich contact for "Logo Brands"
[2026-06-22T16:18:47.129Z] [565/782] Processing: "Brand: Anetik" (ASIN: B09JNTBVZJ) -> Cleaned: "Anetik"
[2026-06-22T16:18:47.129Z]   [Dry-Run] Would search and enrich contact for "Anetik"
[2026-06-22T16:18:47.130Z] [566/782] Processing: "Visit the HiWell Store" (ASIN: B0F6NDTWYK) -> Cleaned: "HiWell"
[2026-06-22T16:18:47.130Z]   [Dry-Run] Would search and enrich contact for "HiWell"
[2026-06-22T16:18:47.130Z] [567/782] Processing: "Bloom Nutrition" (ASIN: B0DHYJYNR7) -> Cleaned: "Bloom Nutrition"
[2026-06-22T16:18:47.130Z]   [Dry-Run] Would search and enrich contact for "Bloom Nutrition"
[2026-06-22T16:18:47.130Z] [568/782] Processing: "Visit the Horbaeach Store" (ASIN: B07G22M64K) -> Cleaned: "Horbaeach"
[2026-06-22T16:18:47.130Z]   [Dry-Run] Would search and enrich contact for "Horbaeach"
[2026-06-22T16:18:47.130Z] [569/782] Processing: "Visit the Health4All Store" (ASIN: B0FHKW9WSB) -> Cleaned: "Health4All"
[2026-06-22T16:18:47.130Z]   [Dry-Run] Would search and enrich contact for "Health4All"
[2026-06-22T16:18:47.130Z] [570/782] Processing: "Visit the NATURE TARGET Store" (ASIN: B097KHJ9H5) -> Cleaned: "NATURE TARGET"
[2026-06-22T16:18:47.130Z]   [Dry-Run] Would search and enrich contact for "NATURE TARGET"
[2026-06-22T16:18:47.130Z] [571/782] Processing: "Visit the Clean Nutraceuticals Store" (ASIN: B0CKM11RM7) -> Cleaned: "Clean Nutraceuticals"
[2026-06-22T16:18:47.130Z]   [Dry-Run] Would search and enrich contact for "Clean Nutraceuticals"
[2026-06-22T16:18:47.130Z] [572/782] Processing: "Visit the CO2Lift Store" (ASIN: B09V8BWCT1) -> Cleaned: "CO2Lift"
[2026-06-22T16:18:47.130Z]   [Dry-Run] Would search and enrich contact for "CO2Lift"
[2026-06-22T16:18:47.130Z] [573/782] Processing: "Visit the Oregon's Wild Harvest Store" (ASIN: B004OFE59O) -> Cleaned: "Oregon's Wild Harvest"
[2026-06-22T16:18:47.130Z]   [Dry-Run] Would search and enrich contact for "Oregon's Wild Harvest"
[2026-06-22T16:18:47.130Z] [574/782] Processing: "Visit the Ancestral Supplements Store" (ASIN: B0DMFWVPRB) -> Cleaned: "Ancestral Supplements"
[2026-06-22T16:18:47.130Z]   [Dry-Run] Would search and enrich contact for "Ancestral Supplements"
[2026-06-22T16:18:47.130Z] [575/782] Processing: "Visit the Sleepy Wrap Store" (ASIN: B07SPHHSSJ) -> Cleaned: "Sleepy Wrap"
[2026-06-22T16:18:47.130Z]   [Dry-Run] Would search and enrich contact for "Sleepy Wrap"
[2026-06-22T16:18:47.130Z] [576/782] Processing: "Visit the Cake Beauty Store" (ASIN: B0DRWC9XPK) -> Cleaned: "Cake Beauty"
[2026-06-22T16:18:47.130Z]   [Dry-Run] Would search and enrich contact for "Cake Beauty"
[2026-06-22T16:18:47.130Z] [577/782] Processing: "Visit the Nutricost Store" (ASIN: B01M3SO70X) -> Cleaned: "Nutricost"
[2026-06-22T16:18:47.130Z]   [Dry-Run] Would search and enrich contact for "Nutricost"
[2026-06-22T16:18:47.130Z] [578/782] Processing: "Brand: xxnic" (ASIN: B0CPGQM3V5) -> Cleaned: "xxnic"
[2026-06-22T16:18:47.130Z]   [Dry-Run] Would search and enrich contact for "xxnic"
[2026-06-22T16:18:47.130Z] [579/782] Processing: "Visit the ForestLeaf Store" (ASIN: B09TPVQD8J) -> Cleaned: "ForestLeaf"
[2026-06-22T16:18:47.130Z]   [Dry-Run] Would search and enrich contact for "ForestLeaf"
[2026-06-22T16:18:47.130Z] [580/782] Processing: "Visit the Lafe's Store" (ASIN: B0127X9T5Y) -> Cleaned: "Lafe's"
[2026-06-22T16:18:47.130Z]   [Dry-Run] Would search and enrich contact for "Lafe's"
[2026-06-22T16:18:47.130Z] [581/782] Processing: "Visit the PatchMD Store" (ASIN: B0CXT2K1FC) -> Cleaned: "PatchMD"
[2026-06-22T16:18:47.130Z]   [Dry-Run] Would search and enrich contact for "PatchMD"
[2026-06-22T16:18:47.130Z] [582/782] Processing: "Visit the Prism Fitness Store" (ASIN: B00KKU32TQ) -> Cleaned: "Prism Fitness"
[2026-06-22T16:18:47.130Z]   [Dry-Run] Would search and enrich contact for "Prism Fitness"
[2026-06-22T16:18:47.130Z] [583/782] Processing: "Visit the Lodge Store" (ASIN: B0D9DSQNS8) -> Cleaned: "Lodge"
[2026-06-22T16:18:47.130Z]   [Dry-Run] Would search and enrich contact for "Lodge"
[2026-06-22T16:18:47.130Z] [584/782] Processing: "Visit the Nutricost Store" (ASIN: B06XKM7P97) -> Cleaned: "Nutricost"
[2026-06-22T16:18:47.130Z]   [Dry-Run] Would search and enrich contact for "Nutricost"
[2026-06-22T16:18:47.130Z] [585/782] Processing: "Visit the Dalnara Store" (ASIN: B0GCB5CLXR) -> Cleaned: "Dalnara"
[2026-06-22T16:18:47.130Z]   [Dry-Run] Would search and enrich contact for "Dalnara"
[2026-06-22T16:18:47.131Z] [586/782] Processing: "Visit the Solv Wellness Store" (ASIN: B0DYKNCRL5) -> Cleaned: "Solv Wellness"
[2026-06-22T16:18:47.131Z]   [Dry-Run] Would search and enrich contact for "Solv Wellness"
[2026-06-22T16:18:47.131Z] [587/782] Processing: "Visit the Juna Store" (ASIN: B0BKFGLQBB) -> Cleaned: "Juna"
[2026-06-22T16:18:47.131Z]   [Dry-Run] Would search and enrich contact for "Juna"
[2026-06-22T16:18:47.131Z] [588/782] Processing: "Visit the Ambrosia Store" (ASIN: B097WTJCF5) -> Cleaned: "Ambrosia"
[2026-06-22T16:18:47.131Z]   [Dry-Run] Would search and enrich contact for "Ambrosia"
[2026-06-22T16:18:47.131Z] [589/782] Processing: "Visit the Baby Delight Store" (ASIN: B0CT445T9R) -> Cleaned: "Baby Delight"
[2026-06-22T16:18:47.131Z]   [Dry-Run] Would search and enrich contact for "Baby Delight"
[2026-06-22T16:18:47.131Z] [590/782] Processing: "Visit the Purely Holistic Store" (ASIN: B0BPY9XSH8) -> Cleaned: "Purely Holistic"
[2026-06-22T16:18:47.131Z]   [Dry-Run] Would search and enrich contact for "Purely Holistic"
[2026-06-22T16:18:47.131Z] [591/782] Processing: "Visit the RICHGRAND Store" (ASIN: B0DTQ8FGQX) -> Cleaned: "RICHGRAND"
[2026-06-22T16:18:47.131Z]   [Dry-Run] Would search and enrich contact for "RICHGRAND"
[2026-06-22T16:18:47.131Z] [592/782] Processing: "Visit the LifeSeasons Store" (ASIN: B0BT5W95MP) -> Cleaned: "LifeSeasons"
[2026-06-22T16:18:47.131Z]   [Dry-Run] Would search and enrich contact for "LifeSeasons"
[2026-06-22T16:18:47.131Z] [593/782] Processing: "Visit the rincentd Store" (ASIN: B0B463KKS3) -> Cleaned: "rincentd"
[2026-06-22T16:18:47.131Z]   [Dry-Run] Would search and enrich contact for "rincentd"
[2026-06-22T16:18:47.131Z] [594/782] Processing: "Visit the Number One Nutrition Store" (ASIN: B08C7TVWDG) -> Cleaned: "Number One Nutrition"
[2026-06-22T16:18:47.131Z]   [Dry-Run] Would search and enrich contact for "Number One Nutrition"
[2026-06-22T16:18:47.131Z] [595/782] Processing: "Visit the GRAZIN HEALTH Store" (ASIN: B0C4W1Q6HS) -> Cleaned: "GRAZIN HEALTH"
[2026-06-22T16:18:47.131Z]   [Dry-Run] Would search and enrich contact for "GRAZIN HEALTH"
[2026-06-22T16:18:47.131Z] [596/782] Processing: "Visit the Kickit Store" (ASIN: B08P25SGG1) -> Cleaned: "Kickit"
[2026-06-22T16:18:47.131Z]   [Dry-Run] Would search and enrich contact for "Kickit"
[2026-06-22T16:18:47.131Z] [597/782] Processing: "Visit the Lunakai Store" (ASIN: B0CYM7JBP8) -> Cleaned: "Lunakai"
[2026-06-22T16:18:47.131Z]   [Dry-Run] Would search and enrich contact for "Lunakai"
[2026-06-22T16:18:47.131Z] [598/782] Processing: "Visit the Wrath & Remedy Store" (ASIN: B0DGJCJWY2) -> Cleaned: "Wrath & Remedy"
[2026-06-22T16:18:47.131Z]   [Dry-Run] Would search and enrich contact for "Wrath & Remedy"
[2026-06-22T16:18:47.131Z] [599/782] Processing: "Visit the Sandhu's Store" (ASIN: B0DSPY1SW6) -> Cleaned: "Sandhu's"
[2026-06-22T16:18:47.131Z]   [Dry-Run] Would search and enrich contact for "Sandhu's"
[2026-06-22T16:18:47.131Z] [600/782] Processing: "Visit the Blooskim Store" (ASIN: B0GK2PMLW1) -> Cleaned: "Blooskim"
[2026-06-22T16:18:47.131Z]   [Dry-Run] Would search and enrich contact for "Blooskim"
[2026-06-22T16:18:47.131Z] [601/782] Processing: "Visit the WONDERCOW Store" (ASIN: B0DNGLXPJB) -> Cleaned: "WONDERCOW"
[2026-06-22T16:18:47.131Z]   [Dry-Run] Would search and enrich contact for "WONDERCOW"
[2026-06-22T16:18:47.131Z] [602/782] Processing: "Visit the Momcozy Store" (ASIN: B0C6K99FXV) -> Cleaned: "Momcozy"
[2026-06-22T16:18:47.131Z]   [Dry-Run] Would search and enrich contact for "Momcozy"
[2026-06-22T16:18:47.131Z] [603/782] Processing: "Visit the MISSWISDOM Store" (ASIN: B0DFWRCYWL) -> Cleaned: "MISSWISDOM"
[2026-06-22T16:18:47.131Z]   [Dry-Run] Would search and enrich contact for "MISSWISDOM"
[2026-06-22T16:18:47.132Z] [604/782] Processing: "Visit the ColEaze Store" (ASIN: B0GC27VBXV) -> Cleaned: "ColEaze"
[2026-06-22T16:18:47.132Z]   [Dry-Run] Would search and enrich contact for "ColEaze"
[2026-06-22T16:18:47.132Z] [605/782] Processing: "Visit the COFOF Store" (ASIN: B0B4GR7MWL) -> Cleaned: "COFOF"
[2026-06-22T16:18:47.132Z]   [Dry-Run] Would search and enrich contact for "COFOF"
[2026-06-22T16:18:47.132Z] [606/782] Processing: "Visit the Black Mountain Products Store" (ASIN: B07JH1FQ1G) -> Cleaned: "Black Mountain Products"
[2026-06-22T16:18:47.132Z]   [Dry-Run] Would search and enrich contact for "Black Mountain Products"
[2026-06-22T16:18:47.132Z] [607/782] Processing: "Visit the Enviromedica Store" (ASIN: B07H7VBFF1) -> Cleaned: "Enviromedica"
[2026-06-22T16:18:47.132Z]   [Dry-Run] Would search and enrich contact for "Enviromedica"
[2026-06-22T16:18:47.132Z] [608/782] Processing: "Visit the A313 Store" (ASIN: B085BW1BZX) -> Cleaned: "A313"
[2026-06-22T16:18:47.132Z]   [Dry-Run] Would search and enrich contact for "A313"
[2026-06-22T16:18:47.132Z] [609/782] Processing: "Visit the Arms Race Nutrition Store" (ASIN: B0DNLVVZRL) -> Cleaned: "Arms Race Nutrition"
[2026-06-22T16:18:47.132Z]   [Dry-Run] Would search and enrich contact for "Arms Race Nutrition"
[2026-06-22T16:18:47.132Z] [610/782] Processing: "Visit the Wholistic Pet Organics Store" (ASIN: B005H3I3HW) -> Cleaned: "Wholistic Pet Organics"
[2026-06-22T16:18:47.132Z]   [Dry-Run] Would search and enrich contact for "Wholistic Pet Organics"
[2026-06-22T16:18:47.132Z] [611/782] Processing: "Visit the Micro Ingredients Store" (ASIN: B0DS6LCFRH) -> Cleaned: "Micro Ingredients"
[2026-06-22T16:18:47.132Z]   [Dry-Run] Would search and enrich contact for "Micro Ingredients"
[2026-06-22T16:18:47.132Z] [612/782] Processing: "Brand: Old Time Tallow" (ASIN: B0FMD87VLR) -> Cleaned: "Old Time Tallow"
[2026-06-22T16:18:47.132Z]   [Dry-Run] Would search and enrich contact for "Old Time Tallow"
[2026-06-22T16:18:47.132Z] [613/782] Processing: "Visit the Glanzstueck Berlin Store" (ASIN: B08QN46J3B) -> Cleaned: "Glanzstueck Berlin"
[2026-06-22T16:18:47.132Z]   [Dry-Run] Would search and enrich contact for "Glanzstueck Berlin"
[2026-06-22T16:18:47.132Z] [614/782] Processing: "Visit the The Doux Store" (ASIN: B0D2JBSGPV) -> Cleaned: "The Doux"
[2026-06-22T16:18:47.132Z]   [Dry-Run] Would search and enrich contact for "The Doux"
[2026-06-22T16:18:47.132Z] [615/782] Processing: "Visit the SKIN GYM Store" (ASIN: B091WCJ4F1) -> Cleaned: "SKIN GYM"
[2026-06-22T16:18:47.132Z]   [Dry-Run] Would search and enrich contact for "SKIN GYM"
[2026-06-22T16:18:47.132Z] [616/782] Processing: "Visit the MOMTORY Store" (ASIN: B0CKW4B982) -> Cleaned: "MOMTORY"
[2026-06-22T16:18:47.132Z]   [Dry-Run] Would search and enrich contact for "MOMTORY"
[2026-06-22T16:18:47.132Z] [617/782] Processing: "Visit the Calm Me Store" (ASIN: B0CQ71ZTZV) -> Cleaned: "Calm Me"
[2026-06-22T16:18:47.132Z]   [Dry-Run] Would search and enrich contact for "Calm Me"
[2026-06-22T16:18:47.132Z] [618/782] Processing: "Visit the Olay Store" (ASIN: B0B8F38MB2) -> Cleaned: "Olay"
[2026-06-22T16:18:47.132Z]   [Dry-Run] Would search and enrich contact for "Olay"
[2026-06-22T16:18:47.132Z] [619/782] Processing: "Visit the Dr. Berg Nutritionals Store" (ASIN: B0B5FCF86D) -> Cleaned: "Dr. Berg Nutritionals"
[2026-06-22T16:18:47.133Z]   [Dry-Run] Would search and enrich contact for "Dr. Berg Nutritionals"
[2026-06-22T16:18:47.133Z] [620/782] Processing: "Visit the YAOHUOO Store" (ASIN: B0C131DL82) -> Cleaned: "YAOHUOO"
[2026-06-22T16:18:47.133Z]   [Dry-Run] Would search and enrich contact for "YAOHUOO"
[2026-06-22T16:18:47.133Z] [621/782] Processing: "Visit the Summer Fridays Store" (ASIN: B08ZH82P7P) -> Cleaned: "Summer Fridays"
[2026-06-22T16:18:47.133Z]   [Dry-Run] Would search and enrich contact for "Summer Fridays"
[2026-06-22T16:18:47.133Z] [622/782] Processing: "Brand: Kloovete" (ASIN: B0C23SMC3V) -> Cleaned: "Kloovete"
[2026-06-22T16:18:47.133Z]   [Dry-Run] Would search and enrich contact for "Kloovete"
[2026-06-22T16:18:47.133Z] [623/782] Processing: "Visit the IsNtree Store" (ASIN: B073J9VGR5) -> Cleaned: "IsNtree"
[2026-06-22T16:18:47.133Z]   [Dry-Run] Would search and enrich contact for "IsNtree"
[2026-06-22T16:18:47.133Z] [624/782] Processing: "Visit the OMMA Store" (ASIN: B0CHJBWG3T) -> Cleaned: "OMMA"
[2026-06-22T16:18:47.133Z]   [Dry-Run] Would search and enrich contact for "OMMA"
[2026-06-22T16:18:47.133Z] [625/782] Processing: "Visit the Fenge Store" (ASIN: B0CFQ5Y7SY) -> Cleaned: "Fenge"
[2026-06-22T16:18:47.133Z]   [Dry-Run] Would search and enrich contact for "Fenge"
[2026-06-22T16:18:47.133Z] [626/782] Processing: "Visit the HELLO HEALTH Store" (ASIN: B09HRLV4HP) -> Cleaned: "HELLO HEALTH"
[2026-06-22T16:18:47.133Z]   [Dry-Run] Would search and enrich contact for "HELLO HEALTH"
[2026-06-22T16:18:47.133Z] [627/782] Processing: "Visit the Essencraft Store" (ASIN: B0DCP6FGB5) -> Cleaned: "Essencraft"
[2026-06-22T16:18:47.133Z]   [Dry-Run] Would search and enrich contact for "Essencraft"
[2026-06-22T16:18:47.133Z] [628/782] Processing: "Visit the Brickell Men's Products Store" (ASIN: B0D381XG9J) -> Cleaned: "Brickell Men's Products"
[2026-06-22T16:18:47.133Z]   [Dry-Run] Would search and enrich contact for "Brickell Men's Products"
[2026-06-22T16:18:47.133Z] [629/782] Processing: "Visit the Nanit Store" (ASIN: B0C1PYFF8B) -> Cleaned: "Nanit"
[2026-06-22T16:18:47.133Z]   [Dry-Run] Would search and enrich contact for "Nanit"
[2026-06-22T16:18:47.133Z] [630/782] Processing: "Visit the cocojojo Store" (ASIN: B01FV3LZ5Y) -> Cleaned: "cocojojo"
[2026-06-22T16:18:47.133Z]   [Dry-Run] Would search and enrich contact for "cocojojo"
[2026-06-22T16:18:47.133Z] [631/782] Processing: "Visit the Cuisinel Store" (ASIN: B09NZHZKGX) -> Cleaned: "Cuisinel"
[2026-06-22T16:18:47.133Z]   [Dry-Run] Would search and enrich contact for "Cuisinel"
[2026-06-22T16:18:47.133Z] [632/782] Processing: "Visit the TERRA ELMNT Store" (ASIN: B0F8SDF787) -> Cleaned: "TERRA ELMNT"
[2026-06-22T16:18:47.133Z]   [Dry-Run] Would search and enrich contact for "TERRA ELMNT"
[2026-06-22T16:18:47.133Z] [633/782] Processing: "Visit the Trilogy Store" (ASIN: B000N94XPQ) -> Cleaned: "Trilogy"
[2026-06-22T16:18:47.134Z]   [Dry-Run] Would search and enrich contact for "Trilogy"
[2026-06-22T16:18:47.134Z] [634/782] Processing: "Visit the NUNA Store" (ASIN: B0DZDBBNFT) -> Cleaned: "NUNA"
[2026-06-22T16:18:47.134Z]   [Dry-Run] Would search and enrich contact for "NUNA"
[2026-06-22T16:18:47.134Z] [635/782] Processing: "Visit the BulkSupplements Store" (ASIN: B0CT476KF4) -> Cleaned: "BulkSupplements"
[2026-06-22T16:18:47.134Z]   [Dry-Run] Would search and enrich contact for "BulkSupplements"
[2026-06-22T16:18:47.134Z] [636/782] Processing: "Visit the Flynew Store" (ASIN: B0DF79VHQW) -> Cleaned: "Flynew"
[2026-06-22T16:18:47.134Z]   [Dry-Run] Would search and enrich contact for "Flynew"
[2026-06-22T16:18:47.134Z] [637/782] Processing: "Visit the Simply Essential Solutions Store" (ASIN: B07SKWR184) -> Cleaned: "Simply Essential Solutions"
[2026-06-22T16:18:47.134Z]   [Dry-Run] Would search and enrich contact for "Simply Essential Solutions"
[2026-06-22T16:18:47.134Z] [638/782] Processing: "Brand: THE MONK" (ASIN: B0CQSSWP5H) -> Cleaned: "THE MONK"
[2026-06-22T16:18:47.134Z]   [Dry-Run] Would search and enrich contact for "THE MONK"
[2026-06-22T16:18:47.134Z] [639/782] Processing: "Visit the Peakhealth Store" (ASIN: B0DRLDTL57) -> Cleaned: "Peakhealth"
[2026-06-22T16:18:47.134Z]   [Dry-Run] Would search and enrich contact for "Peakhealth"
[2026-06-22T16:18:47.134Z] [640/782] Processing: "Visit the COSRX Store" (ASIN: B0BRGCS9GG) -> Cleaned: "COSRX"
[2026-06-22T16:18:47.134Z]   [Dry-Run] Would search and enrich contact for "COSRX"
[2026-06-22T16:18:47.134Z] [641/782] Processing: "Visit the ROOT LABS Store" (ASIN: B0F1D14FF8) -> Cleaned: "ROOT LABS"
[2026-06-22T16:18:47.134Z]   [Dry-Run] Would search and enrich contact for "ROOT LABS"
[2026-06-22T16:18:47.134Z] [642/782] Processing: "Visit the VivoNu Store" (ASIN: B0FPQDGYN2) -> Cleaned: "VivoNu"
[2026-06-22T16:18:47.134Z]   [Dry-Run] Would search and enrich contact for "VivoNu"
[2026-06-22T16:18:47.134Z] [643/782] Processing: "Visit the Theralogix Store" (ASIN: B0CWLGL7MP) -> Cleaned: "Theralogix"
[2026-06-22T16:18:47.134Z]   [Dry-Run] Would search and enrich contact for "Theralogix"
[2026-06-22T16:18:47.134Z] [644/782] Processing: "Visit the HolyCow Store" (ASIN: B0D79R159R) -> Cleaned: "HolyCow"
[2026-06-22T16:18:47.134Z]   [Dry-Run] Would search and enrich contact for "HolyCow"
[2026-06-22T16:18:47.134Z] [645/782] Processing: "Nutricost" (ASIN: B00GL2HMES) -> Cleaned: "Nutricost"
[2026-06-22T16:18:47.134Z]   [Dry-Run] Would search and enrich contact for "Nutricost"
[2026-06-22T16:18:47.134Z] [646/782] Processing: "Visit the Casimhu Store" (ASIN: B0FP4RFKB1) -> Cleaned: "Casimhu"
[2026-06-22T16:18:47.134Z]   [Dry-Run] Would search and enrich contact for "Casimhu"
[2026-06-22T16:18:47.134Z] [647/782] Processing: "Visit the OUAI Store" (ASIN: B0F495HMR9) -> Cleaned: "OUAI"
[2026-06-22T16:18:47.134Z]   [Dry-Run] Would search and enrich contact for "OUAI"
[2026-06-22T16:18:47.134Z] [648/782] Processing: "Nutricost" (ASIN: B0CZMDPWG5) -> Cleaned: "Nutricost"
[2026-06-22T16:18:47.134Z]   [Dry-Run] Would search and enrich contact for "Nutricost"
[2026-06-22T16:18:47.134Z] [649/782] Processing: "Visit the CHRISTINA Store" (ASIN: B00X3R89K0) -> Cleaned: "CHRISTINA"
[2026-06-22T16:18:47.134Z]   [Dry-Run] Would search and enrich contact for "CHRISTINA"
[2026-06-22T16:18:47.135Z] [650/782] Processing: "Visit the Petsology Store" (ASIN: B0F38MH759) -> Cleaned: "Petsology"
[2026-06-22T16:18:47.135Z]   [Dry-Run] Would search and enrich contact for "Petsology"
[2026-06-22T16:18:47.135Z] [651/782] Processing: "Visit the BuddyCheer Store" (ASIN: B0DRX6D8SJ) -> Cleaned: "BuddyCheer"
[2026-06-22T16:18:47.135Z]   [Dry-Run] Would search and enrich contact for "BuddyCheer"
[2026-06-22T16:18:47.135Z] [652/782] Processing: "Visit the HEART & SOIL Store" (ASIN: B0D8JZZCVK) -> Cleaned: "HEART & SOIL"
[2026-06-22T16:18:47.135Z]   [Dry-Run] Would search and enrich contact for "HEART & SOIL"
[2026-06-22T16:18:47.135Z] [653/782] Processing: "Visit the Pro Plan Veterinary Diets Store" (ASIN: B0GRWYQ3NY) -> Cleaned: "Pro Plan Veterinary Diets"
[2026-06-22T16:18:47.135Z]   [Dry-Run] Would search and enrich contact for "Pro Plan Veterinary Diets"
[2026-06-22T16:18:47.135Z] [654/782] Processing: "Visit the Wonderfat Store" (ASIN: B0F96NJLYC) -> Cleaned: "Wonderfat"
[2026-06-22T16:18:47.135Z]   [Dry-Run] Would search and enrich contact for "Wonderfat"
[2026-06-22T16:18:47.135Z] [655/782] Processing: "Brand: Dechra" (ASIN: B0CBQRD2MS) -> Cleaned: "Dechra"
[2026-06-22T16:18:47.135Z]   [Dry-Run] Would search and enrich contact for "Dechra"
[2026-06-22T16:18:47.135Z] [656/782] Processing: "Visit the Nootie Store" (ASIN: B0C9N3Z5DC) -> Cleaned: "Nootie"
[2026-06-22T16:18:47.135Z]   [Dry-Run] Would search and enrich contact for "Nootie"
[2026-06-22T16:18:47.135Z] [657/782] Processing: "Visit the DRAGON PHARMA Store" (ASIN: B0BQ48R31M) -> Cleaned: "DRAGON PHARMA"
[2026-06-22T16:18:47.135Z]   [Dry-Run] Would search and enrich contact for "DRAGON PHARMA"
[2026-06-22T16:18:47.135Z] [658/782] Processing: "Visit the YUMA'S Store" (ASIN: B0F74GDTYK) -> Cleaned: "YUMA'S"
[2026-06-22T16:18:47.135Z]   [Dry-Run] Would search and enrich contact for "YUMA'S"
[2026-06-22T16:18:47.135Z] [659/782] Processing: "Visit the SANDHUHERBALS Store" (ASIN: B0CWMQ9FQ3) -> Cleaned: "SANDHUHERBALS"
[2026-06-22T16:18:47.135Z]   [Dry-Run] Would search and enrich contact for "SANDHUHERBALS"
[2026-06-22T16:18:47.135Z] [660/782] Processing: "Visit the Mewaii Store" (ASIN: B0F6MS72G1) -> Cleaned: "Mewaii"
[2026-06-22T16:18:47.135Z]   [Dry-Run] Would search and enrich contact for "Mewaii"
[2026-06-22T16:18:47.135Z] [661/782] Processing: "Visit the Forge Skin Store" (ASIN: B0GPP41GT2) -> Cleaned: "Forge Skin"
[2026-06-22T16:18:47.135Z]   [Dry-Run] Would search and enrich contact for "Forge Skin"
[2026-06-22T16:18:47.135Z] [662/782] Processing: "Brand: PhyCox" (ASIN: B0CBQNRKYG) -> Cleaned: "PhyCox"
[2026-06-22T16:18:47.135Z]   [Dry-Run] Would search and enrich contact for "PhyCox"
[2026-06-22T16:18:47.135Z] [663/782] Processing: "Visit the Trilogy Store" (ASIN: B001NJNV12) -> Cleaned: "Trilogy"
[2026-06-22T16:18:47.135Z]   [Dry-Run] Would search and enrich contact for "Trilogy"
[2026-06-22T16:18:47.135Z] [664/782] Processing: "Brand: Ceva" (ASIN: B07B17J77N) -> Cleaned: "Ceva"
[2026-06-22T16:18:47.135Z]   [Dry-Run] Would search and enrich contact for "Ceva"
[2026-06-22T16:18:47.135Z] [665/782] Processing: "Visit the HAPPY FOX Store" (ASIN: B08MBC4D6S) -> Cleaned: "HAPPY FOX"
[2026-06-22T16:18:47.135Z]   [Dry-Run] Would search and enrich contact for "HAPPY FOX"
[2026-06-22T16:18:47.135Z] [666/782] Processing: "Visit the Nootropics Depot Store" (ASIN: B078K1F7ZK) -> Cleaned: "Nootropics Depot"
[2026-06-22T16:18:47.135Z]   [Dry-Run] Would search and enrich contact for "Nootropics Depot"
[2026-06-22T16:18:47.135Z] [667/782] Processing: "Visit the ShaktiMat Store" (ASIN: B071FNYSJY) -> Cleaned: "ShaktiMat"
[2026-06-22T16:18:47.135Z]   [Dry-Run] Would search and enrich contact for "ShaktiMat"
[2026-06-22T16:18:47.135Z] [668/782] Processing: "Visit the Bioglossy Store" (ASIN: B0FD9WBK69) -> Cleaned: "Bioglossy"
[2026-06-22T16:18:47.135Z]   [Dry-Run] Would search and enrich contact for "Bioglossy"
[2026-06-22T16:18:47.135Z] [669/782] Processing: "Brand: SILO" (ASIN: B0GFXLYPSY) -> Cleaned: "SILO"
[2026-06-22T16:18:47.136Z]   [Dry-Run] Would search and enrich contact for "SILO"
[2026-06-22T16:18:47.136Z] [670/782] Processing: "Visit the Greenies Store" (ASIN: B0BX4SRZQ8) -> Cleaned: "Greenies"
[2026-06-22T16:18:47.136Z]   [Dry-Run] Would search and enrich contact for "Greenies"
[2026-06-22T16:18:47.136Z] [671/782] Processing: "Visit the FOUR LEAF ROVER Store" (ASIN: B07YN897QP) -> Cleaned: "FOUR LEAF ROVER"
[2026-06-22T16:18:47.136Z]   [Dry-Run] Would search and enrich contact for "FOUR LEAF ROVER"
[2026-06-22T16:18:47.136Z] [672/782] Processing: "Visit the Pro Plan Veterinary Diets Store" (ASIN: B0CWLYL4MF) -> Cleaned: "Pro Plan Veterinary Diets"
[2026-06-22T16:18:47.136Z]   [Dry-Run] Would search and enrich contact for "Pro Plan Veterinary Diets"
[2026-06-22T16:18:47.136Z] [673/782] Processing: "Visit the VRAIKO Store" (ASIN: B0C9ZSLMBP) -> Cleaned: "VRAIKO"
[2026-06-22T16:18:47.136Z]   [Dry-Run] Would search and enrich contact for "VRAIKO"
[2026-06-22T16:18:47.136Z] [674/782] Processing: "Visit the NOW Foods Store" (ASIN: B0DXM7Q176) -> Cleaned: "NOW Foods"
[2026-06-22T16:18:47.136Z]   [Dry-Run] Would search and enrich contact for "NOW Foods"
[2026-06-22T16:18:47.136Z] [675/782] Processing: "Visit the Advanced Skin Care Store" (ASIN: B0B94JLYFY) -> Cleaned: "Advanced Skin Care"
[2026-06-22T16:18:47.136Z]   [Dry-Run] Would search and enrich contact for "Advanced Skin Care"
[2026-06-22T16:18:47.136Z] [676/782] Processing: "Qunol" (ASIN: B0CX37FXZF) -> Cleaned: "Qunol"
[2026-06-22T16:18:47.136Z]   [Dry-Run] Would search and enrich contact for "Qunol"
[2026-06-22T16:18:47.136Z] [677/782] Processing: "Visit the LolaVie Store" (ASIN: B0DZF1W4RS) -> Cleaned: "LolaVie"
[2026-06-22T16:18:47.136Z]   [Dry-Run] Would search and enrich contact for "LolaVie"
[2026-06-22T16:18:47.136Z] [678/782] Processing: "Visit the NATURE TARGET Store" (ASIN: B09KX5N9QY) -> Cleaned: "NATURE TARGET"
[2026-06-22T16:18:47.136Z]   [Dry-Run] Would search and enrich contact for "NATURE TARGET"
[2026-06-22T16:18:47.136Z] [679/782] Processing: "Visit the LAYERLAB Store" (ASIN: B0F1C7Z37S) -> Cleaned: "LAYERLAB"
[2026-06-22T16:18:47.136Z]   [Dry-Run] Would search and enrich contact for "LAYERLAB"
[2026-06-22T16:18:47.136Z] [680/782] Processing: "Visit the PrimeMD Store" (ASIN: B0CKFHQPZV) -> Cleaned: "PrimeMD"
[2026-06-22T16:18:47.136Z]   [Dry-Run] Would search and enrich contact for "PrimeMD"
[2026-06-22T16:18:47.136Z] [681/782] Processing: "Visit the Ursa Major Store" (ASIN: B01MFAX2GE) -> Cleaned: "Ursa Major"
[2026-06-22T16:18:47.136Z]   [Dry-Run] Would search and enrich contact for "Ursa Major"
[2026-06-22T16:18:47.136Z] [682/782] Processing: "(unknown)" (ASIN: B08KGTXN6S) -> Cleaned: "(unknown)"
[2026-06-22T16:18:47.136Z]   [Dry-Run] Would search and enrich contact for "(unknown)"
[2026-06-22T16:18:47.136Z] [683/782] Processing: "Visit the DEMAR 3 Store" (ASIN: B0872PKDSG) -> Cleaned: "DEMAR 3"
[2026-06-22T16:18:47.136Z]   [Dry-Run] Would search and enrich contact for "DEMAR 3"
[2026-06-22T16:18:47.136Z] [684/782] Processing: "Visit the HUM Store" (ASIN: B0CJTL53NK) -> Cleaned: "HUM"
[2026-06-22T16:18:47.136Z]   [Dry-Run] Would search and enrich contact for "HUM"
[2026-06-22T16:18:47.136Z] [685/782] Processing: "Visit the FullWell Store" (ASIN: B0C7LRYZ56) -> Cleaned: "FullWell"
[2026-06-22T16:18:47.136Z]   [Dry-Run] Would search and enrich contact for "FullWell"
[2026-06-22T16:18:47.137Z] [686/782] Processing: "Visit the Hyperbiotics Store" (ASIN: B00OG5O37Q) -> Cleaned: "Hyperbiotics"
[2026-06-22T16:18:47.137Z]   [Dry-Run] Would search and enrich contact for "Hyperbiotics"
[2026-06-22T16:18:47.137Z] [687/782] Processing: "Visit the Medik8 Store" (ASIN: B0GDR5XDPD) -> Cleaned: "Medik8"
[2026-06-22T16:18:47.137Z]   [Dry-Run] Would search and enrich contact for "Medik8"
[2026-06-22T16:18:47.137Z] [688/782] Processing: "Visit the Organics Ocean Store" (ASIN: B0D465FHXG) -> Cleaned: "Organics Ocean"
[2026-06-22T16:18:47.137Z]   [Dry-Run] Would search and enrich contact for "Organics Ocean"
[2026-06-22T16:18:47.137Z] [689/782] Processing: "Qunol" (ASIN: B0BL1Z8MVD) -> Cleaned: "Qunol"
[2026-06-22T16:18:47.137Z]   [Dry-Run] Would search and enrich contact for "Qunol"
[2026-06-22T16:18:47.137Z] [690/782] Processing: "Visit the Clear Beauty Store" (ASIN: B0DWFZR6YK) -> Cleaned: "Clear Beauty"
[2026-06-22T16:18:47.137Z]   [Dry-Run] Would search and enrich contact for "Clear Beauty"
[2026-06-22T16:18:47.137Z] [691/782] Processing: "THORNE" (ASIN: B0FFQPKH7Z) -> Cleaned: "THORNE"
[2026-06-22T16:18:47.137Z]   [Dry-Run] Would search and enrich contact for "THORNE"
[2026-06-22T16:18:47.137Z] [692/782] Processing: "Visit the Yeamon Store" (ASIN: B09N6LG6NZ) -> Cleaned: "Yeamon"
[2026-06-22T16:18:47.137Z]   [Dry-Run] Would search and enrich contact for "Yeamon"
[2026-06-22T16:18:47.137Z] [693/782] Processing: "Visit the Fernes Store" (ASIN: B0DSCML33G) -> Cleaned: "Fernes"
[2026-06-22T16:18:47.137Z]   [Dry-Run] Would search and enrich contact for "Fernes"
[2026-06-22T16:18:47.137Z] [694/782] Processing: "Visit the THORNE Store" (ASIN: B00F5US2BY) -> Cleaned: "THORNE"
[2026-06-22T16:18:47.137Z]   [Dry-Run] Would search and enrich contact for "THORNE"
[2026-06-22T16:18:47.137Z] [695/782] Processing: "Visit the NaturesPlus Store" (ASIN: B07NVYHJ7F) -> Cleaned: "NaturesPlus"
[2026-06-22T16:18:47.137Z]   [Dry-Run] Would search and enrich contact for "NaturesPlus"
[2026-06-22T16:18:47.137Z] [696/782] Processing: "Visit the Sweed Store" (ASIN: B0CV9F32FR) -> Cleaned: "Sweed"
[2026-06-22T16:18:47.137Z]   [Dry-Run] Would search and enrich contact for "Sweed"
[2026-06-22T16:18:47.137Z] [697/782] Processing: "Visit the Gruens Store" (ASIN: B0FJD4FVM2) -> Cleaned: "Gruens"
[2026-06-22T16:18:47.137Z]   [Dry-Run] Would search and enrich contact for "Gruens"
[2026-06-22T16:18:47.137Z] [698/782] Processing: "Visit the Luma Nutrition Store" (ASIN: B0BSDTPHLD) -> Cleaned: "Luma Nutrition"
[2026-06-22T16:18:47.137Z]   [Dry-Run] Would search and enrich contact for "Luma Nutrition"
[2026-06-22T16:18:47.137Z] [699/782] Processing: "Visit the Beauty of Joseon Store" (ASIN: B0DZGKNPRB) -> Cleaned: "Beauty of Joseon"
[2026-06-22T16:18:47.137Z]   [Dry-Run] Would search and enrich contact for "Beauty of Joseon"
[2026-06-22T16:18:47.137Z] [700/782] Processing: "Brand: HIILEATHY" (ASIN: B0FG7V34P6) -> Cleaned: "HIILEATHY"
[2026-06-22T16:18:47.137Z]   [Dry-Run] Would search and enrich contact for "HIILEATHY"
[2026-06-22T16:18:47.137Z] [701/782] Processing: "Visit the Glowbiotics Store" (ASIN: B073ST7ZWG) -> Cleaned: "Glowbiotics"
[2026-06-22T16:18:47.137Z]   [Dry-Run] Would search and enrich contact for "Glowbiotics"
[2026-06-22T16:18:47.137Z] [702/782] Processing: "Visit the Wholesome Wellness Store" (ASIN: B0811P73BT) -> Cleaned: "Wholesome Wellness"
[2026-06-22T16:18:47.137Z]   [Dry-Run] Would search and enrich contact for "Wholesome Wellness"
[2026-06-22T16:18:47.137Z] [703/782] Processing: "Visit the Dr. Sebi's Cell Food Store" (ASIN: B0F818Z2RF) -> Cleaned: "Dr. Sebi's Cell Food"
[2026-06-22T16:18:47.137Z]   [Dry-Run] Would search and enrich contact for "Dr. Sebi's Cell Food"
[2026-06-22T16:18:47.137Z] [704/782] Processing: "Visit the Kaged Store" (ASIN: B0CCBJRGY5) -> Cleaned: "Kaged"
[2026-06-22T16:18:47.137Z]   [Dry-Run] Would search and enrich contact for "Kaged"
[2026-06-22T16:18:47.137Z] [705/782] Processing: "Visit the SmartyPants Store" (ASIN: B0DCZX7XSJ) -> Cleaned: "SmartyPants"
[2026-06-22T16:18:47.138Z]   [Dry-Run] Would search and enrich contact for "SmartyPants"
[2026-06-22T16:18:47.138Z] [706/782] Processing: "Visit the EO Store" (ASIN: B0001ZZ7TS) -> Cleaned: "EO"
[2026-06-22T16:18:47.138Z]   [Dry-Run] Would search and enrich contact for "EO"
[2026-06-22T16:18:47.138Z] [707/782] Processing: "Visit the SUNGBOON EDITOR Store" (ASIN: B0DK8JTL6S) -> Cleaned: "SUNGBOON EDITOR"
[2026-06-22T16:18:47.138Z]   [Dry-Run] Would search and enrich contact for "SUNGBOON EDITOR"
[2026-06-22T16:18:47.138Z] [708/782] Processing: "Visit the Cata-Kor Store" (ASIN: B0FWGXBT3C) -> Cleaned: "Cata-Kor"
[2026-06-22T16:18:47.138Z]   [Dry-Run] Would search and enrich contact for "Cata-Kor"
[2026-06-22T16:18:47.138Z] [709/782] Processing: "Visit the Ballerina Farm Store" (ASIN: B0GCP8CYTF) -> Cleaned: "Ballerina Farm"
[2026-06-22T16:18:47.138Z]   [Dry-Run] Would search and enrich contact for "Ballerina Farm"
[2026-06-22T16:18:47.138Z] [710/782] Processing: "Visit the ENERGYBITS Store" (ASIN: B01LW6WREQ) -> Cleaned: "ENERGYBITS"
[2026-06-22T16:18:47.138Z]   [Dry-Run] Would search and enrich contact for "ENERGYBITS"
[2026-06-22T16:18:47.138Z] [711/782] Processing: "(unknown)" (ASIN: B096WT2TJX) -> Cleaned: "(unknown)"
[2026-06-22T16:18:47.138Z]   [Dry-Run] Would search and enrich contact for "(unknown)"
[2026-06-22T16:18:47.138Z] [712/782] Processing: "Visit the Nature's Way Store" (ASIN: B0CKTQJGYK) -> Cleaned: "Nature's Way"
[2026-06-22T16:18:47.138Z]   [Dry-Run] Would search and enrich contact for "Nature's Way"
[2026-06-22T16:18:47.138Z] [713/782] Processing: "Visit the Rho Nutrition Store" (ASIN: B0CRN6TSG2) -> Cleaned: "Rho Nutrition"
[2026-06-22T16:18:47.138Z]   [Dry-Run] Would search and enrich contact for "Rho Nutrition"
[2026-06-22T16:18:47.138Z] [714/782] Processing: "Visit the Pistaché Skincare Store" (ASIN: B01N75CZ1G) -> Cleaned: "Pistaché Skincare"
[2026-06-22T16:18:47.138Z]   [Dry-Run] Would search and enrich contact for "Pistaché Skincare"
[2026-06-22T16:18:47.138Z] [715/782] Processing: "Visit the Pure Encapsulations Store" (ASIN: B00GSP4R6O) -> Cleaned: "Pure Encapsulations"
[2026-06-22T16:18:47.138Z]   [Dry-Run] Would search and enrich contact for "Pure Encapsulations"
[2026-06-22T16:18:47.138Z] [716/782] Processing: "Visit the Azure Cosmetics Store" (ASIN: B08GL2QG51) -> Cleaned: "Azure Cosmetics"
[2026-06-22T16:18:47.138Z]   [Dry-Run] Would search and enrich contact for "Azure Cosmetics"
[2026-06-22T16:18:47.138Z] [717/782] Processing: "Visit the Organics Ocean Store" (ASIN: B0DGKVSGWQ) -> Cleaned: "Organics Ocean"
[2026-06-22T16:18:47.138Z]   [Dry-Run] Would search and enrich contact for "Organics Ocean"
[2026-06-22T16:18:47.138Z] [718/782] Processing: "Visit the ForestLeaf Store" (ASIN: B0773ZG2LM) -> Cleaned: "ForestLeaf"
[2026-06-22T16:18:47.138Z]   [Dry-Run] Would search and enrich contact for "ForestLeaf"
[2026-06-22T16:18:47.138Z] [719/782] Processing: "Nature Made" (ASIN: B09SR2KX9D) -> Cleaned: "Nature Made"
[2026-06-22T16:18:47.138Z]   [Dry-Run] Would search and enrich contact for "Nature Made"
[2026-06-22T16:18:47.138Z] [720/782] Processing: "(unknown)" (ASIN: B0CFYMBWXL) -> Cleaned: "(unknown)"
[2026-06-22T16:18:47.138Z]   [Dry-Run] Would search and enrich contact for "(unknown)"
[2026-06-22T16:18:47.138Z] [721/782] Processing: "Brand: ZyterX" (ASIN: B0FF1R5T1Q) -> Cleaned: "ZyterX"
[2026-06-22T16:18:47.138Z]   [Dry-Run] Would search and enrich contact for "ZyterX"
[2026-06-22T16:18:47.138Z] [722/782] Processing: "Visit the CardoMax Store" (ASIN: B0BV39614X) -> Cleaned: "CardoMax"
[2026-06-22T16:18:47.138Z]   [Dry-Run] Would search and enrich contact for "CardoMax"
[2026-06-22T16:18:47.138Z] [723/782] Processing: "Visit the Maestri House Store" (ASIN: B0DDKGDCDY) -> Cleaned: "Maestri House"
[2026-06-22T16:18:47.139Z]   [Dry-Run] Would search and enrich contact for "Maestri House"
[2026-06-22T16:18:47.139Z] [724/782] Processing: "Visit the Nature's Answer Store" (ASIN: B0777GQDG8) -> Cleaned: "Nature's Answer"
[2026-06-22T16:18:47.139Z]   [Dry-Run] Would search and enrich contact for "Nature's Answer"
[2026-06-22T16:18:47.139Z] [725/782] Processing: "Visit the Advanced Trichology Store" (ASIN: B0GMTRSGSL) -> Cleaned: "Advanced Trichology"
[2026-06-22T16:18:47.139Z]   [Dry-Run] Would search and enrich contact for "Advanced Trichology"
[2026-06-22T16:18:47.139Z] [726/782] Processing: "Visit the Enzymedica Store" (ASIN: B00028ORU4) -> Cleaned: "Enzymedica"
[2026-06-22T16:18:47.139Z]   [Dry-Run] Would search and enrich contact for "Enzymedica"
[2026-06-22T16:18:47.139Z] [727/782] Processing: "(unknown)" (ASIN: B08DZ9TL85) -> Cleaned: "(unknown)"
[2026-06-22T16:18:47.139Z]   [Dry-Run] Would search and enrich contact for "(unknown)"
[2026-06-22T16:18:47.139Z] [728/782] Processing: "Brand: Petaluma High School T-Shirts & Gifts" (ASIN: B0FMSC55G4) -> Cleaned: "Petaluma High School T-Shirts & Gifts"
[2026-06-22T16:18:47.139Z]   [Dry-Run] Would search and enrich contact for "Petaluma High School T-Shirts & Gifts"
[2026-06-22T16:18:47.139Z] [729/782] Processing: "Visit the VT COSMETICS Store" (ASIN: B0GL1ZR815) -> Cleaned: "VT COSMETICS"
[2026-06-22T16:18:47.139Z]   [Dry-Run] Would search and enrich contact for "VT COSMETICS"
[2026-06-22T16:18:47.139Z] [730/782] Processing: "Visit the Violets Are Blue Store" (ASIN: B087FZ93KN) -> Cleaned: "Violets Are Blue"
[2026-06-22T16:18:47.139Z]   [Dry-Run] Would search and enrich contact for "Violets Are Blue"
[2026-06-22T16:18:47.139Z] [731/782] Processing: "Visit the Codeage Store" (ASIN: B07CJ2R1Y1) -> Cleaned: "Codeage"
[2026-06-22T16:18:47.139Z]   [Dry-Run] Would search and enrich contact for "Codeage"
[2026-06-22T16:18:47.139Z] [732/782] Processing: "Visit the THORNE Store" (ASIN: B000VYQJ8W) -> Cleaned: "THORNE"
[2026-06-22T16:18:47.139Z]   [Dry-Run] Would search and enrich contact for "THORNE"
[2026-06-22T16:18:47.139Z] [733/782] Processing: "Visit the Pet Life Unlimited Store" (ASIN: B00V4VF63K) -> Cleaned: "Pet Life Unlimited"
[2026-06-22T16:18:47.139Z]   [Dry-Run] Would search and enrich contact for "Pet Life Unlimited"
[2026-06-22T16:18:47.139Z] [734/782] Processing: "Visit the PATTERN Store" (ASIN: B0C1HGJ2HN) -> Cleaned: "PATTERN"
[2026-06-22T16:18:47.139Z]   [Dry-Run] Would search and enrich contact for "PATTERN"
[2026-06-22T16:18:47.139Z] [735/782] Processing: "Visit the Dr. Denese Store" (ASIN: B004GLPUF4) -> Cleaned: "Dr. Denese"
[2026-06-22T16:18:47.139Z]   [Dry-Run] Would search and enrich contact for "Dr. Denese"
[2026-06-22T16:18:47.139Z] [736/782] Processing: "Visit the Clean Nutraceuticals Store" (ASIN: B0DFKY5B6S) -> Cleaned: "Clean Nutraceuticals"
[2026-06-22T16:18:47.139Z]   [Dry-Run] Would search and enrich contact for "Clean Nutraceuticals"
[2026-06-22T16:18:47.139Z] [737/782] Processing: "Visit the Schwinn Fitness Store" (ASIN: B07WZXSDKW) -> Cleaned: "Schwinn Fitness"
[2026-06-22T16:18:47.139Z]   [Dry-Run] Would search and enrich contact for "Schwinn Fitness"
[2026-06-22T16:18:47.139Z] [738/782] Processing: "Visit the Live Healthy Store" (ASIN: B0D1DFSD6D) -> Cleaned: "Live Healthy"
[2026-06-22T16:18:47.139Z]   [Dry-Run] Would search and enrich contact for "Live Healthy"
[2026-06-22T16:18:47.139Z] [739/782] Processing: "Visit the naturie Store" (ASIN: B01BSJ5ZSI) -> Cleaned: "naturie"
[2026-06-22T16:18:47.139Z]   [Dry-Run] Would search and enrich contact for "naturie"
[2026-06-22T16:18:47.139Z] [740/782] Processing: "Visit the Elo Health Store" (ASIN: B0F51L6DS6) -> Cleaned: "Elo Health"
[2026-06-22T16:18:47.139Z]   [Dry-Run] Would search and enrich contact for "Elo Health"
[2026-06-22T16:18:47.140Z] [741/782] Processing: "Pure Encapsulations" (ASIN: B07P5K7DQP) -> Cleaned: "Pure Encapsulations"
[2026-06-22T16:18:47.140Z]   [Dry-Run] Would search and enrich contact for "Pure Encapsulations"
[2026-06-22T16:18:47.140Z] [742/782] Processing: "Nutrafol" (ASIN: B00LU4CZP8) -> Cleaned: "Nutrafol"
[2026-06-22T16:18:47.140Z]   [Dry-Run] Would search and enrich contact for "Nutrafol"
[2026-06-22T16:18:47.140Z] [743/782] Processing: "Visit the Molly Mutt Store" (ASIN: B0CV1FFVYN) -> Cleaned: "Molly Mutt"
[2026-06-22T16:18:47.140Z]   [Dry-Run] Would search and enrich contact for "Molly Mutt"
[2026-06-22T16:18:47.140Z] [744/782] Processing: "Visit the Foundation Skincare Store" (ASIN: B0F8L9678Y) -> Cleaned: "Foundation Skincare"
[2026-06-22T16:18:47.140Z]   [Dry-Run] Would search and enrich contact for "Foundation Skincare"
[2026-06-22T16:18:47.140Z] [745/782] Processing: "Visit the Earth's Pearl Store" (ASIN: B00N1G17GG) -> Cleaned: "Earth's Pearl"
[2026-06-22T16:18:47.140Z]   [Dry-Run] Would search and enrich contact for "Earth's Pearl"
[2026-06-22T16:18:47.140Z] [746/782] Processing: "Visit the Youtheory Store" (ASIN: B09ZPYJCG9) -> Cleaned: "Youtheory"
[2026-06-22T16:18:47.140Z]   [Dry-Run] Would search and enrich contact for "Youtheory"
[2026-06-22T16:18:47.140Z] [747/782] Processing: "Visit the Spacekey Store" (ASIN: B0GF6C4M8R) -> Cleaned: "Spacekey"
[2026-06-22T16:18:47.140Z]   [Dry-Run] Would search and enrich contact for "Spacekey"
[2026-06-22T16:18:47.140Z] [748/782] Processing: "Visit the Bliss Store" (ASIN: B07YGQ2BHH) -> Cleaned: "Bliss"
[2026-06-22T16:18:47.140Z]   [Dry-Run] Would search and enrich contact for "Bliss"
[2026-06-22T16:18:47.140Z] [749/782] Processing: "Visit the Bee's Wrap Store" (ASIN: B08BWVXP6Y) -> Cleaned: "Bee's Wrap"
[2026-06-22T16:18:47.140Z]   [Dry-Run] Would search and enrich contact for "Bee's Wrap"
[2026-06-22T16:18:47.140Z] [750/782] Processing: "Visit the OMOTON Store" (ASIN: B0CQR99BG2) -> Cleaned: "OMOTON"
[2026-06-22T16:18:47.140Z]   [Dry-Run] Would search and enrich contact for "OMOTON"
[2026-06-22T16:18:47.140Z] [751/782] Processing: "Visit the Love Sweat Fitness Store" (ASIN: B095H852BD) -> Cleaned: "Love Sweat Fitness"
[2026-06-22T16:18:47.140Z]   [Dry-Run] Would search and enrich contact for "Love Sweat Fitness"
[2026-06-22T16:18:47.140Z] [752/782] Processing: "Visit the DUNE SUNCARE Store" (ASIN: B09WRYKL1M) -> Cleaned: "DUNE SUNCARE"
[2026-06-22T16:18:47.140Z]   [Dry-Run] Would search and enrich contact for "DUNE SUNCARE"
[2026-06-22T16:18:47.140Z] [753/782] Processing: "Visit the Ekkovision Store" (ASIN: B0DQF93JMS) -> Cleaned: "Ekkovision"
[2026-06-22T16:18:47.140Z]   [Dry-Run] Would search and enrich contact for "Ekkovision"
[2026-06-22T16:18:47.140Z] [754/782] Processing: "Visit the Left Coast Performance Store" (ASIN: B0FQFXVP9Y) -> Cleaned: "Left Coast Performance"
[2026-06-22T16:18:47.140Z]   [Dry-Run] Would search and enrich contact for "Left Coast Performance"
[2026-06-22T16:18:47.140Z] [755/782] Processing: "Visit the Wellness Store" (ASIN: B0BHLCG9FX) -> Cleaned: "Wellness"
[2026-06-22T16:18:47.140Z]   [Dry-Run] Would search and enrich contact for "Wellness"
[2026-06-22T16:18:47.140Z] [756/782] Processing: "Life Extension" (ASIN: B0DMTV24LR) -> Cleaned: "Life Extension"
[2026-06-22T16:18:47.140Z]   [Dry-Run] Would search and enrich contact for "Life Extension"
[2026-06-22T16:18:47.140Z] [757/782] Processing: "Visit the HiWell Store" (ASIN: B0GKDDRGSN) -> Cleaned: "HiWell"
[2026-06-22T16:18:47.140Z]   [Dry-Run] Would search and enrich contact for "HiWell"
[2026-06-22T16:18:47.140Z] [758/782] Processing: "Visit the drinkwel Store" (ASIN: B0041HT1BW) -> Cleaned: "drinkwel"
[2026-06-22T16:18:47.140Z]   [Dry-Run] Would search and enrich contact for "drinkwel"
[2026-06-22T16:18:47.140Z] [759/782] Processing: "Visit the Nature's Fusions Store" (ASIN: B00IN5JQ7W) -> Cleaned: "Nature's Fusions"
[2026-06-22T16:18:47.141Z]   [Dry-Run] Would search and enrich contact for "Nature's Fusions"
[2026-06-22T16:18:47.141Z] [760/782] Processing: "Visit the Arazo Nutrition Store" (ASIN: B01FVQ6100) -> Cleaned: "Arazo Nutrition"
[2026-06-22T16:18:47.141Z]   [Dry-Run] Would search and enrich contact for "Arazo Nutrition"
[2026-06-22T16:18:47.141Z] [761/782] Processing: "Visit the UltimaPeak Store" (ASIN: B0FXCG7BL9) -> Cleaned: "UltimaPeak"
[2026-06-22T16:18:47.141Z]   [Dry-Run] Would search and enrich contact for "UltimaPeak"
[2026-06-22T16:18:47.141Z] [762/782] Processing: "Visit the CYMBIOTIKA Store" (ASIN: B0FX3G9JJ9) -> Cleaned: "CYMBIOTIKA"
[2026-06-22T16:18:47.141Z]   [Dry-Run] Would search and enrich contact for "CYMBIOTIKA"
[2026-06-22T16:18:47.141Z] [763/782] Processing: "Visit the ESW Beauty Store" (ASIN: B0DHSY3FL2) -> Cleaned: "ESW Beauty"
[2026-06-22T16:18:47.141Z]   [Dry-Run] Would search and enrich contact for "ESW Beauty"
[2026-06-22T16:18:47.141Z] [764/782] Processing: "Visit the Spacemilk Store" (ASIN: B0DVTKKFF3) -> Cleaned: "Spacemilk"
[2026-06-22T16:18:47.141Z]   [Dry-Run] Would search and enrich contact for "Spacemilk"
[2026-06-22T16:18:47.141Z] [765/782] Processing: "Visit the Life Line Pet Nutrition Store" (ASIN: B00IPIRHA0) -> Cleaned: "Life Line Pet Nutrition"
[2026-06-22T16:18:47.141Z]   [Dry-Run] Would search and enrich contact for "Life Line Pet Nutrition"
[2026-06-22T16:18:47.141Z] [766/782] Processing: "Visit the Pantene Store" (ASIN: B09GV3RGW2) -> Cleaned: "Pantene"
[2026-06-22T16:18:47.141Z]   [Dry-Run] Would search and enrich contact for "Pantene"
[2026-06-22T16:18:47.141Z] [767/782] Processing: "Visit the The Elderberry Co. Store" (ASIN: B08YFKVQV6) -> Cleaned: "The Elderberry Co."
[2026-06-22T16:18:47.141Z]   [Dry-Run] Would search and enrich contact for "The Elderberry Co."
[2026-06-22T16:18:47.141Z] [768/782] Processing: "Visit the Max&So Store" (ASIN: B093HBNZJY) -> Cleaned: "Max&So"
[2026-06-22T16:18:47.141Z]   [Dry-Run] Would search and enrich contact for "Max&So"
[2026-06-22T16:18:47.141Z] [769/782] Processing: "Visit the Ellovi Store" (ASIN: B0CV7VP6XP) -> Cleaned: "Ellovi"
[2026-06-22T16:18:47.141Z]   [Dry-Run] Would search and enrich contact for "Ellovi"
[2026-06-22T16:18:47.141Z] [770/782] Processing: "Visit the Revival Animal Health Store" (ASIN: B00C72DM3G) -> Cleaned: "Revival Animal Health"
[2026-06-22T16:18:47.141Z]   [Dry-Run] Would search and enrich contact for "Revival Animal Health"
[2026-06-22T16:18:47.141Z] [771/782] Processing: "Brand: BeePure Wraps" (ASIN: B0DPWQPYKT) -> Cleaned: "BeePure Wraps"
[2026-06-22T16:18:47.141Z]   [Dry-Run] Would search and enrich contact for "BeePure Wraps"
[2026-06-22T16:18:47.141Z] [772/782] Processing: "Visit the Momcozy Store" (ASIN: B0F5WXJJQD) -> Cleaned: "Momcozy"
[2026-06-22T16:18:47.141Z]   [Dry-Run] Would search and enrich contact for "Momcozy"
[2026-06-22T16:18:47.141Z] [773/782] Processing: "Visit the SOLARAY Store" (ASIN: B000OS5C1U) -> Cleaned: "SOLARAY"
[2026-06-22T16:18:47.141Z]   [Dry-Run] Would search and enrich contact for "SOLARAY"
[2026-06-22T16:18:47.141Z] [774/782] Processing: "Brand: Renew Life" (ASIN: B0F45MC71M) -> Cleaned: "Renew Life"
[2026-06-22T16:18:47.141Z]   [Dry-Run] Would search and enrich contact for "Renew Life"
[2026-06-22T16:18:47.141Z] [775/782] Processing: "Visit the Moukeren Store" (ASIN: B0CT8FSB8G) -> Cleaned: "Moukeren"
[2026-06-22T16:18:47.141Z]   [Dry-Run] Would search and enrich contact for "Moukeren"
[2026-06-22T16:18:47.141Z] [776/782] Processing: "Visit the HOMLYNS Store" (ASIN: B0DCNBDLB2) -> Cleaned: "HOMLYNS"
[2026-06-22T16:18:47.141Z]   [Dry-Run] Would search and enrich contact for "HOMLYNS"
[2026-06-22T16:18:47.141Z] [777/782] Processing: "Visit the Natural BioScience Store" (ASIN: B07KMPY2M6) -> Cleaned: "Natural BioScience"
[2026-06-22T16:18:47.141Z]   [Dry-Run] Would search and enrich contact for "Natural BioScience"
[2026-06-22T16:18:47.142Z] [778/782] Processing: "Brand: Puldoum" (ASIN: B0G5PL51K7) -> Cleaned: "Puldoum"
[2026-06-22T16:18:47.142Z]   [Dry-Run] Would search and enrich contact for "Puldoum"
[2026-06-22T16:18:47.142Z] [779/782] Processing: "Visit the Lodge Store" (ASIN: B0GK34FJ7R) -> Cleaned: "Lodge"
[2026-06-22T16:18:47.142Z]   [Dry-Run] Would search and enrich contact for "Lodge"
[2026-06-22T16:18:47.142Z] [780/782] Processing: "Visit the Lodge Store" (ASIN: B0BFGF2QXC) -> Cleaned: "Lodge"
[2026-06-22T16:18:47.142Z]   [Dry-Run] Would search and enrich contact for "Lodge"
[2026-06-22T16:18:47.142Z] [781/782] Processing: "Visit the SnailBread Store" (ASIN: B0D83SD1ZP) -> Cleaned: "SnailBread"
[2026-06-22T16:18:47.142Z]   [Dry-Run] Would search and enrich contact for "SnailBread"
[2026-06-22T16:18:47.142Z] [782/782] Processing: "Visit the Dakini Store" (ASIN: B0FCXZ4FVT) -> Cleaned: "Dakini"
[2026-06-22T16:18:47.142Z]   [Dry-Run] Would search and enrich contact for "Dakini"
[2026-06-22T16:18:47.142Z] 
=================================================
[2026-06-22T16:18:47.142Z] 📊 BULK ENRICHMENT WORKER COMPLETE
[2026-06-22T16:18:47.142Z] - Successfully Enriched: 782
[2026-06-22T16:18:47.142Z] - Failed / No Contacts:  0
[2026-06-22T16:18:47.142Z] - Skipped (empty name):  0
[2026-06-22T16:18:47.142Z] =================================================
